Name,EEX-FRENCH BASELOAD MONTHLY CONT. - SETT. PRICE,,,,,
29/08/2005,0.01,,,,,
30/08/2005,0.01,,,,,
31/08/2005,0.01,,,,,
01/09/2005,0.01,,,,,
02/09/2005,0.01,,,,,
05/09/2005,0.01,,,,,
06/09/2005,0.01,,,,,
07/09/2005,0.01,,,,,
08/09/2005,0.01,,,,,
09/09/2005,0.01,,,,,
12/09/2005,0.01,,,,,
13/09/2005,0.01,,,,,
14/09/2005,0.01,,,,,
15/09/2005,0.01,,,,,
16/09/2005,0.01,,,,,
19/09/2005,0.01,,,,,
20/09/2005,0.01,,,,,
21/09/2005,0.01,,,,,
22/09/2005,0.01,,,,,
23/09/2005,0.01,,,,,
26/09/2005,0.01,,,,,
27/09/2005,0.01,,,,,
28/09/2005,0.01,,,,,
29/09/2005,0.01,,,,,
30/09/2005,0.01,,,,,
03/10/2005,0.01,,,,,
04/10/2005,0.01,,,,,
05/10/2005,0.01,,,,,
06/10/2005,0.01,,,,,
07/10/2005,0.01,,,,,
10/10/2005,0.01,,,,,
11/10/2005,0.01,,,,,
12/10/2005,0.01,,,,,
13/10/2005,0.01,,,,,
14/10/2005,0.01,,,,,
17/10/2005,0.01,,,,,
18/10/2005,0.01,,,,,
19/10/2005,0.01,,,,,
20/10/2005,0.01,,,,,
21/10/2005,0.01,,,,,
24/10/2005,0.01,,,,,
25/10/2005,0.01,,,,,
26/10/2005,0.01,,,,,
27/10/2005,0.01,,,,,
28/10/2005,0.01,,,,,
31/10/2005,0.01,,,,,
01/11/2005,0.01,,,,,
02/11/2005,0.01,,,,,
03/11/2005,0.01,,,,,
04/11/2005,0.01,,,,,
07/11/2005,0.01,,,,,
08/11/2005,0.01,,,,,
09/11/2005,0.01,,,,,
10/11/2005,0.01,,,,,
11/11/2005,0.01,,,,,
14/11/2005,0.01,,,,,
15/11/2005,0.01,,,,,
16/11/2005,0.01,,,,,
17/11/2005,0.01,,,,,
18/11/2005,0.01,,,,,
21/11/2005,0.01,,,,,
22/11/2005,0.01,,,,,
23/11/2005,0.01,,,,,
24/11/2005,0.01,,,,,
25/11/2005,0.01,,,,,
28/11/2005,0.01,,,,,
29/11/2005,0.01,,,,,
30/11/2005,0.01,,,,,
01/12/2005,0.01,,,,,
02/12/2005,0.01,,,,,
05/12/2005,0.01,,,,,
06/12/2005,0.01,,,,,
07/12/2005,0.01,,,,,
08/12/2005,0.01,,,,,
09/12/2005,0.01,,,,,
12/12/2005,0.01,,,,,
13/12/2005,0.01,,,,,
14/12/2005,0.01,,,,,
15/12/2005,0.01,,,,,
16/12/2005,0.01,,,,,
19/12/2005,0.01,,,,,
20/12/2005,0.01,,,,,
21/12/2005,0.01,,,,,
22/12/2005,0.01,,,,,
23/12/2005,0.01,,,,,
26/12/2005,0.01,,,,,
27/12/2005,0.01,,,,,
28/12/2005,0.01,,,,,
29/12/2005,80,,,,,
30/12/2005,80,,,,,
02/01/2006,77,,,,,
03/01/2006,74.33,,,,,
04/01/2006,76.17,,,,,
05/01/2006,75.75,,,,,
06/01/2006,77.5,,,,,
09/01/2006,71.92,,,,,
10/01/2006,72.35,,,,,
11/01/2006,72.78,,,,,
12/01/2006,70.42,,,,,
13/01/2006,67.83,,,,,
16/01/2006,66.25,,,,,
17/01/2006,74,,,,,
18/01/2006,81.75,,,,,
19/01/2006,80.17,,,,,
20/01/2006,86.27,,,,,
23/01/2006,86.27,,,,,
24/01/2006,71.38,,,,,
25/01/2006,72.73,,,,,
26/01/2006,75.75,,,,,
27/01/2006,72.25,,,,,
30/01/2006,77.85,,,,,
31/01/2006,77.85,,,,,
01/02/2006,66.75,,,,,
02/02/2006,69.08,,,,,
03/02/2006,69.25,,,,,
06/02/2006,67.5,,,,,
07/02/2006,68,,,,,
08/02/2006,68,,,,,
09/02/2006,67.33,,,,,
10/02/2006,67.28,,,,,
13/02/2006,64.92,,,,,
14/02/2006,62.63,,,,,
15/02/2006,63.63,,,,,
16/02/2006,64.75,,,,,
17/02/2006,66.33,,,,,
20/02/2006,73.55,,,,,
21/02/2006,75.47,,,,,
22/02/2006,75.95,,,,,
23/02/2006,75.12,,,,,
24/02/2006,71.58,,,,,
27/02/2006,68.63,,,,,
28/02/2006,68.63,,,,,
01/03/2006,57.04,,,,,
02/03/2006,56.35,,,,,
03/03/2006,56.13,,,,,
06/03/2006,55.55,,,,,
07/03/2006,55.03,,,,,
08/03/2006,55.15,,,,,
09/03/2006,54.98,,,,,
10/03/2006,55.38,,,,,
13/03/2006,57.83,,,,,
14/03/2006,58.25,,,,,
15/03/2006,56.95,,,,,
16/03/2006,56.78,,,,,
17/03/2006,56.08,,,,,
20/03/2006,57.3,,,,,
21/03/2006,56.4,,,,,
22/03/2006,55.03,,,,,
23/03/2006,54.38,,,,,
24/03/2006,52.9,,,,,
27/03/2006,50.13,,,,,
28/03/2006,49.68,,,,,
29/03/2006,50.17,,,,,
30/03/2006,49.88,,,,,
31/03/2006,49.88,,,,,
03/04/2006,52.13,,,,,
04/04/2006,51.1,,,,,
05/04/2006,50.27,,,,,
06/04/2006,50.13,,,,,
07/04/2006,49.15,,,,,
10/04/2006,48.15,,,,,
11/04/2006,47.75,,,,,
12/04/2006,46.65,,,,,
13/04/2006,46.8,,,,,
14/04/2006,46.8,,,,,
17/04/2006,46.8,,,,,
18/04/2006,47.25,,,,,
19/04/2006,46.25,,,,,
20/04/2006,44.5,,,,,
21/04/2006,44.25,,,,,
24/04/2006,44.73,,,,,
25/04/2006,42.83,,,,,
26/04/2006,41.45,,,,,
27/04/2006,39.08,,,,,
28/04/2006,38.08,,,,,
01/05/2006,38.08,,,,,
02/05/2006,39.5,,,,,
03/05/2006,39.83,,,,,
04/05/2006,38.43,,,,,
05/05/2006,37.33,,,,,
08/05/2006,38.2,,,,,
09/05/2006,38.25,,,,,
10/05/2006,39,,,,,
11/05/2006,38.5,,,,,
12/05/2006,37.3,,,,,
15/05/2006,38.83,,,,,
16/05/2006,39.88,,,,,
17/05/2006,38.8,,,,,
18/05/2006,38.68,,,,,
19/05/2006,38.63,,,,,
22/05/2006,39.44,,,,,
23/05/2006,39.5,,,,,
24/05/2006,40,,,,,
25/05/2006,40,,,,,
26/05/2006,40.75,,,,,
29/05/2006,42.2,,,,,
30/05/2006,40.93,,,,,
31/05/2006,40.93,,,,,
01/06/2006,43.25,,,,,
02/06/2006,42.75,,,,,
05/06/2006,42.75,,,,,
06/06/2006,44.26,,,,,
07/06/2006,42.93,,,,,
08/06/2006,42.87,,,,,
09/06/2006,43.35,,,,,
12/06/2006,46.7,,,,,
13/06/2006,46.15,,,,,
14/06/2006,45.95,,,,,
15/06/2006,46.35,,,,,
16/06/2006,46.17,,,,,
19/06/2006,44.75,,,,,
20/06/2006,45.41,,,,,
21/06/2006,45.08,,,,,
22/06/2006,45.83,,,,,
23/06/2006,45.75,,,,,
26/06/2006,44.94,,,,,
27/06/2006,45.32,,,,,
28/06/2006,45.15,,,,,
29/06/2006,44.33,,,,,
30/06/2006,44.33,,,,,
03/07/2006,46.38,,,,,
04/07/2006,46.48,,,,,
05/07/2006,49.13,,,,,
06/07/2006,50.31,,,,,
07/07/2006,49.33,,,,,
10/07/2006,50.53,,,,,
11/07/2006,50.43,,,,,
12/07/2006,52.13,,,,,
13/07/2006,54.13,,,,,
14/07/2006,56,,,,,
17/07/2006,59.97,,,,,
18/07/2006,56.29,,,,,
19/07/2006,55.14,,,,,
20/07/2006,58.13,,,,,
21/07/2006,62,,,,,
24/07/2006,59.38,,,,,
25/07/2006,58.5,,,,,
26/07/2006,58.88,,,,,
27/07/2006,56.95,,,,,
28/07/2006,54.25,,,,,
31/07/2006,54.25,,,,,
01/08/2006,53.75,,,,,
02/08/2006,54.38,,,,,
03/08/2006,53.13,,,,,
04/08/2006,52,,,,,
07/08/2006,51.25,,,,,
08/08/2006,51.03,,,,,
09/08/2006,51.5,,,,,
10/08/2006,51.19,,,,,
11/08/2006,51.44,,,,,
14/08/2006,51,,,,,
15/08/2006,51.5,,,,,
16/08/2006,51.69,,,,,
17/08/2006,51.66,,,,,
18/08/2006,51.77,,,,,
21/08/2006,53.5,,,,,
22/08/2006,53.85,,,,,
23/08/2006,54.01,,,,,
24/08/2006,52.53,,,,,
25/08/2006,53.43,,,,,
28/08/2006,53.5,,,,,
29/08/2006,52.06,,,,,
30/08/2006,51.19,,,,,
31/08/2006,51.19,,,,,
01/09/2006,54.48,,,,,
04/09/2006,56.7,,,,,
05/09/2006,56.55,,,,,
06/09/2006,55.15,,,,,
07/09/2006,54.96,,,,,
08/09/2006,54.79,,,,,
11/09/2006,54.19,,,,,
12/09/2006,53.71,,,,,
13/09/2006,52.82,,,,,
14/09/2006,52.86,,,,,
15/09/2006,52.73,,,,,
18/09/2006,51.96,,,,,
19/09/2006,50.68,,,,,
20/09/2006,49.23,,,,,
21/09/2006,48.88,,,,,
22/09/2006,48.81,,,,,
25/09/2006,48.25,,,,,
26/09/2006,48.25,,,,,
27/09/2006,47.44,,,,,
28/09/2006,46.99,,,,,
29/09/2006,46.99,,,,,
02/10/2006,62.97,,,,,
03/10/2006,62.97,,,,,
04/10/2006,61,,,,,
05/10/2006,62.5,,,,,
06/10/2006,64.81,,,,,
09/10/2006,65,,,,,
10/10/2006,62.67,,,,,
11/10/2006,63.88,,,,,
12/10/2006,65.45,,,,,
13/10/2006,66.53,,,,,
16/10/2006,63.93,,,,,
17/10/2006,64.15,,,,,
18/10/2006,63.68,,,,,
19/10/2006,64.04,,,,,
20/10/2006,64.4,,,,,
23/10/2006,61.21,,,,,
24/10/2006,60.8,,,,,
25/10/2006,59.5,,,,,
26/10/2006,61.96,,,,,
27/10/2006,65.88,,,,,
30/10/2006,62.87,,,,,
31/10/2006,62.87,,,,,
01/11/2006,68,,,,,
02/11/2006,66.75,,,,,
03/11/2006,66.93,,,,,
06/11/2006,69.88,,,,,
07/11/2006,67.75,,,,,
08/11/2006,69.38,,,,,
09/11/2006,71.5,,,,,
10/11/2006,69.88,,,,,
13/11/2006,66.33,,,,,
14/11/2006,65.57,,,,,
15/11/2006,65.97,,,,,
16/11/2006,62.57,,,,,
17/11/2006,60.15,,,,,
20/11/2006,62.34,,,,,
21/11/2006,60.3,,,,,
22/11/2006,58.11,,,,,
23/11/2006,60.38,,,,,
24/11/2006,61.09,,,,,
27/11/2006,53.41,,,,,
28/11/2006,50.63,,,,,
29/11/2006,50.44,,,,,
30/11/2006,50.44,,,,,
01/12/2006,65.6,,,,,
04/12/2006,63.38,,,,,
05/12/2006,62.24,,,,,
06/12/2006,61.83,,,,,
07/12/2006,64.13,,,,,
08/12/2006,66.02,,,,,
11/12/2006,65.68,,,,,
12/12/2006,62.53,,,,,
13/12/2006,61.6,,,,,
14/12/2006,61.95,,,,,
15/12/2006,64.15,,,,,
18/12/2006,63.58,,,,,
19/12/2006,63.03,,,,,
20/12/2006,65.29,,,,,
21/12/2006,64.03,,,,,
22/12/2006,64.01,,,,,
25/12/2006,64.01,,,,,
26/12/2006,64.01,,,,,
27/12/2006,58.92,,,,,
28/12/2006,57.67,,,,,
29/12/2006,57.67,,,,,
01/01/2007,57.67,,,,,
02/01/2007,54.04,,,,,
03/01/2007,53.83,,,,,
04/01/2007,53.82,,,,,
05/01/2007,52.41,,,,,
08/01/2007,49.49,,,,,
09/01/2007,49.39,,,,,
10/01/2007,48.34,,,,,
11/01/2007,48.83,,,,,
12/01/2007,48.86,,,,,
15/01/2007,49.38,,,,,
16/01/2007,54.29,,,,,
17/01/2007,51.35,,,,,
18/01/2007,49.93,,,,,
19/01/2007,50.14,,,,,
22/01/2007,49.18,,,,,
23/01/2007,46.51,,,,,
24/01/2007,45.89,,,,,
25/01/2007,45.14,,,,,
26/01/2007,45.61,,,,,
29/01/2007,44.13,,,,,
30/01/2007,44.56,,,,,
31/01/2007,44.56,,,,,
01/02/2007,40.63,,,,,
02/02/2007,38.92,,,,,
05/02/2007,39.17,,,,,
06/02/2007,39.69,,,,,
07/02/2007,38.48,,,,,
08/02/2007,37.51,,,,,
09/02/2007,37.65,,,,,
12/02/2007,35.83,,,,,
13/02/2007,33.2,,,,,
14/02/2007,32.92,,,,,
15/02/2007,35.03,,,,,
16/02/2007,34.64,,,,,
19/02/2007,31,,,,,
20/02/2007,30.74,,,,,
21/02/2007,29.95,,,,,
22/02/2007,29.47,,,,,
23/02/2007,30.06,,,,,
26/02/2007,29.31,,,,,
27/02/2007,28.45,,,,,
28/02/2007,28.45,,,,,
01/03/2007,29.61,,,,,
02/03/2007,29.37,,,,,
05/03/2007,27.98,,,,,
06/03/2007,28.53,,,,,
07/03/2007,28.64,,,,,
08/03/2007,29.14,,,,,
09/03/2007,30.25,,,,,
12/03/2007,30.53,,,,,
13/03/2007,29.5,,,,,
14/03/2007,28.36,,,,,
15/03/2007,29.32,,,,,
16/03/2007,28.26,,,,,
19/03/2007,27.06,,,,,
20/03/2007,27.11,,,,,
21/03/2007,27.49,,,,,
22/03/2007,27.17,,,,,
23/03/2007,27.26,,,,,
26/03/2007,27.12,,,,,
27/03/2007,27.47,,,,,
28/03/2007,27.79,,,,,
29/03/2007,28.76,,,,,
30/03/2007,28.76,,,,,
02/04/2007,28.64,,,,,
03/04/2007,28.75,,,,,
04/04/2007,28.08,,,,,
05/04/2007,28.11,,,,,
06/04/2007,28.11,,,,,
09/04/2007,28.11,,,,,
10/04/2007,29.52,,,,,
11/04/2007,30.03,,,,,
12/04/2007,29.97,,,,,
13/04/2007,29.77,,,,,
16/04/2007,27.85,,,,,
17/04/2007,27.93,,,,,
18/04/2007,27.63,,,,,
19/04/2007,26.75,,,,,
20/04/2007,27.18,,,,,
23/04/2007,28.6,,,,,
24/04/2007,28.31,,,,,
25/04/2007,27.98,,,,,
26/04/2007,27,,,,,
27/04/2007,26.78,,,,,
30/04/2007,26.78,,,,,
01/05/2007,26.78,,,,,
02/05/2007,36.88,,,,,
03/05/2007,36.13,,,,,
04/05/2007,35.02,,,,,
07/05/2007,36,,,,,
08/05/2007,36.57,,,,,
09/05/2007,36.29,,,,,
10/05/2007,35.96,,,,,
11/05/2007,37.41,,,,,
14/05/2007,40.21,,,,,
15/05/2007,38.5,,,,,
16/05/2007,39.11,,,,,
17/05/2007,39.11,,,,,
18/05/2007,39.11,,,,,
21/05/2007,38.04,,,,,
22/05/2007,38.35,,,,,
23/05/2007,38.23,,,,,
24/05/2007,37.76,,,,,
25/05/2007,37.74,,,,,
28/05/2007,37.74,,,,,
29/05/2007,36.64,,,,,
30/05/2007,35.58,,,,,
31/05/2007,35.58,,,,,
01/06/2007,43.32,,,,,
04/06/2007,40.21,,,,,
05/06/2007,40.79,,,,,
06/06/2007,40.4,,,,,
07/06/2007,41.83,,,,,
08/06/2007,41.75,,,,,
11/06/2007,40.29,,,,,
12/06/2007,40.38,,,,,
13/06/2007,40.65,,,,,
14/06/2007,38.21,,,,,
15/06/2007,37.57,,,,,
18/06/2007,36.25,,,,,
19/06/2007,36.67,,,,,
20/06/2007,36.63,,,,,
21/06/2007,36.32,,,,,
22/06/2007,35.91,,,,,
25/06/2007,34.01,,,,,
26/06/2007,33.26,,,,,
27/06/2007,32.44,,,,,
28/06/2007,31.87,,,,,
29/06/2007,31.87,,,,,
02/07/2007,30.48,,,,,
03/07/2007,31.01,,,,,
04/07/2007,30.46,,,,,
05/07/2007,30.83,,,,,
06/07/2007,31,,,,,
09/07/2007,31.08,,,,,
10/07/2007,31.5,,,,,
11/07/2007,32.39,,,,,
12/07/2007,32,,,,,
13/07/2007,30.97,,,,,
16/07/2007,30.75,,,,,
17/07/2007,31.75,,,,,
18/07/2007,30.53,,,,,
19/07/2007,30.04,,,,,
20/07/2007,29.88,,,,,
23/07/2007,27.93,,,,,
24/07/2007,27.96,,,,,
25/07/2007,27.56,,,,,
26/07/2007,27.22,,,,,
27/07/2007,26.77,,,,,
30/07/2007,26.65,,,,,
31/07/2007,26.65,,,,,
01/08/2007,32.44,,,,,
02/08/2007,32.88,,,,,
03/08/2007,33.43,,,,,
06/08/2007,32.43,,,,,
07/08/2007,31.85,,,,,
08/08/2007,31.88,,,,,
09/08/2007,31.97,,,,,
10/08/2007,32.07,,,,,
13/08/2007,32.3,,,,,
14/08/2007,31.91,,,,,
15/08/2007,31.74,,,,,
16/08/2007,31.88,,,,,
17/08/2007,31.89,,,,,
20/08/2007,31.83,,,,,
21/08/2007,32.02,,,,,
22/08/2007,31.74,,,,,
23/08/2007,32.09,,,,,
24/08/2007,32.04,,,,,
27/08/2007,32.12,,,,,
28/08/2007,32.28,,,,,
29/08/2007,32.53,,,,,
30/08/2007,32.49,,,,,
31/08/2007,32.49,,,,,
03/09/2007,35.93,,,,,
04/09/2007,35.91,,,,,
05/09/2007,35.96,,,,,
06/09/2007,36.1,,,,,
07/09/2007,36.65,,,,,
10/09/2007,36.79,,,,,
11/09/2007,37,,,,,
12/09/2007,37.36,,,,,
13/09/2007,37.42,,,,,
14/09/2007,37.48,,,,,
17/09/2007,38.91,,,,,
18/09/2007,39,,,,,
19/09/2007,38.83,,,,,
20/09/2007,38.92,,,,,
21/09/2007,39.35,,,,,
24/09/2007,40.28,,,,,
25/09/2007,40.54,,,,,
26/09/2007,40.3,,,,,
27/09/2007,39.35,,,,,
28/09/2007,39.35,,,,,
01/10/2007,51.25,,,,,
02/10/2007,52.94,,,,,
03/10/2007,52.94,,,,,
04/10/2007,52.6,,,,,
05/10/2007,53.13,,,,,
08/10/2007,53.76,,,,,
09/10/2007,52.23,,,,,
10/10/2007,52.3,,,,,
11/10/2007,52.81,,,,,
12/10/2007,54.25,,,,,
15/10/2007,55.13,,,,,
16/10/2007,57.12,,,,,
17/10/2007,59.63,,,,,
18/10/2007,59.81,,,,,
19/10/2007,63.63,,,,,
22/10/2007,60.25,,,,,
23/10/2007,60.38,,,,,
24/10/2007,62,,,,,
25/10/2007,69.75,,,,,
26/10/2007,74.13,,,,,
29/10/2007,76.13,,,,,
30/10/2007,71.38,,,,,
31/10/2007,71.38,,,,,
01/11/2007,74.25,,,,,
02/11/2007,74.25,,,,,
05/11/2007,64.31,,,,,
06/11/2007,68.5,,,,,
07/11/2007,71.94,,,,,
08/11/2007,74.44,,,,,
09/11/2007,77.5,,,,,
12/11/2007,81.75,,,,,
13/11/2007,82.44,,,,,
14/11/2007,82.77,,,,,
15/11/2007,75.25,,,,,
16/11/2007,74,,,,,
19/11/2007,78,,,,,
20/11/2007,83.53,,,,,
21/11/2007,82.88,,,,,
22/11/2007,80.25,,,,,
23/11/2007,78.44,,,,,
26/11/2007,71.63,,,,,
27/11/2007,67.04,,,,,
28/11/2007,68.88,,,,,
29/11/2007,63.38,,,,,
30/11/2007,63.38,,,,,
03/12/2007,80.69,,,,,
04/12/2007,83,,,,,
05/12/2007,83.78,,,,,
06/12/2007,86,,,,,
07/12/2007,90.1,,,,,
10/12/2007,94.62,,,,,
11/12/2007,94.32,,,,,
12/12/2007,94,,,,,
13/12/2007,91.93,,,,,
14/12/2007,89.31,,,,,
17/12/2007,85.97,,,,,
18/12/2007,88.21,,,,,
19/12/2007,87.01,,,,,
20/12/2007,89.9,,,,,
21/12/2007,86.57,,,,,
24/12/2007,86.57,,,,,
25/12/2007,86.57,,,,,
26/12/2007,86.57,,,,,
27/12/2007,88.59,,,,,
28/12/2007,88.59,,,,,
31/12/2007,88.59,,,,,
01/01/2008,88.59,,,,,
02/01/2008,83.69,,,,,
03/01/2008,84.25,,,,,
04/01/2008,83.25,,,,,
07/01/2008,80.5,,,,,
08/01/2008,81.25,,,,,
09/01/2008,79.58,,,,,
10/01/2008,80.92,,,,,
11/01/2008,80.69,,,,,
14/01/2008,82.5,,,,,
15/01/2008,81.88,,,,,
16/01/2008,78.85,,,,,
17/01/2008,75.9,,,,,
18/01/2008,72.19,,,,,
21/01/2008,67.82,,,,,
22/01/2008,69.02,,,,,
23/01/2008,67.75,,,,,
24/01/2008,68.25,,,,,
25/01/2008,68.34,,,,,
28/01/2008,67.78,,,,,
29/01/2008,66.81,,,,,
30/01/2008,66.44,,,,,
31/01/2008,66.44,,,,,
01/02/2008,63.75,,,,,
04/02/2008,62,,,,,
05/02/2008,61.7,,,,,
06/02/2008,62.03,,,,,
07/02/2008,61.5,,,,,
08/02/2008,61.28,,,,,
11/02/2008,58.5,,,,,
12/02/2008,56.45,,,,,
13/02/2008,56.86,,,,,
14/02/2008,58.04,,,,,
15/02/2008,59.23,,,,,
18/02/2008,58.78,,,,,
19/02/2008,59.02,,,,,
20/02/2008,59.67,,,,,
21/02/2008,61.88,,,,,
22/02/2008,61.93,,,,,
25/02/2008,61.73,,,,,
26/02/2008,60.63,,,,,
27/02/2008,61.85,,,,,
28/02/2008,61.81,,,,,
29/02/2008,61.81,,,,,
03/03/2008,60.17,,,,,
04/03/2008,60.04,,,,,
05/03/2008,61.52,,,,,
06/03/2008,61.29,,,,,
07/03/2008,61.84,,,,,
10/03/2008,63.25,,,,,
11/03/2008,62.85,,,,,
12/03/2008,63.75,,,,,
13/03/2008,63.75,,,,,
14/03/2008,63.2,,,,,
17/03/2008,63.22,,,,,
18/03/2008,63.81,,,,,
19/03/2008,62.55,,,,,
20/03/2008,62.56,,,,,
21/03/2008,62.56,,,,,
24/03/2008,62.56,,,,,
25/03/2008,60.14,,,,,
26/03/2008,61.07,,,,,
27/03/2008,61.5,,,,,
28/03/2008,62.16,,,,,
31/03/2008,62.16,,,,,
01/04/2008,55,,,,,
02/04/2008,54.99,,,,,
03/04/2008,55.44,,,,,
04/04/2008,54.83,,,,,
07/04/2008,55.38,,,,,
08/04/2008,55.21,,,,,
09/04/2008,59.07,,,,,
10/04/2008,59.6,,,,,
11/04/2008,57.74,,,,,
14/04/2008,58.67,,,,,
15/04/2008,58.44,,,,,
16/04/2008,58.08,,,,,
17/04/2008,58.19,,,,,
18/04/2008,58.22,,,,,
21/04/2008,61.75,,,,,
22/04/2008,59.73,,,,,
23/04/2008,59.53,,,,,
24/04/2008,59.38,,,,,
25/04/2008,59.25,,,,,
28/04/2008,56.94,,,,,
29/04/2008,55.87,,,,,
30/04/2008,55.87,,,,,
01/05/2008,55.87,,,,,
02/05/2008,63,,,,,
05/05/2008,65.07,,,,,
06/05/2008,65.33,,,,,
07/05/2008,66.5,,,,,
08/05/2008,65.6,,,,,
09/05/2008,65.5,,,,,
12/05/2008,65.5,,,,,
13/05/2008,65.34,,,,,
14/05/2008,64.22,,,,,
15/05/2008,64.18,,,,,
16/05/2008,65.85,,,,,
19/05/2008,67.07,,,,,
20/05/2008,65.93,,,,,
21/05/2008,67.82,,,,,
22/05/2008,67.02,,,,,
23/05/2008,66.32,,,,,
26/05/2008,68.5,,,,,
27/05/2008,70.07,,,,,
28/05/2008,72.19,,,,,
29/05/2008,73.25,,,,,
30/05/2008,73.25,,,,,
02/06/2008,80.17,,,,,
03/06/2008,79.79,,,,,
04/06/2008,77.65,,,,,
05/06/2008,75.35,,,,,
06/06/2008,77.26,,,,,
09/06/2008,77.06,,,,,
10/06/2008,76.33,,,,,
11/06/2008,75.94,,,,,
12/06/2008,77.02,,,,,
13/06/2008,77.67,,,,,
16/06/2008,76,,,,,
17/06/2008,73.25,,,,,
18/06/2008,74.8,,,,,
19/06/2008,75.75,,,,,
20/06/2008,77,,,,,
23/06/2008,81.54,,,,,
24/06/2008,82.1,,,,,
25/06/2008,88.5,,,,,
26/06/2008,88.73,,,,,
27/06/2008,91.89,,,,,
30/06/2008,91.89,,,,,
01/07/2008,70.94,,,,,
02/07/2008,68.38,,,,,
03/07/2008,74,,,,,
04/07/2008,75.25,,,,,
07/07/2008,72.88,,,,,
08/07/2008,70.63,,,,,
09/07/2008,68.88,,,,,
10/07/2008,71.32,,,,,
11/07/2008,73.02,,,,,
14/07/2008,71,,,,,
15/07/2008,68.6,,,,,
16/07/2008,69.32,,,,,
17/07/2008,70.75,,,,,
18/07/2008,70,,,,,
21/07/2008,69.5,,,,,
22/07/2008,67.5,,,,,
23/07/2008,66.75,,,,,
24/07/2008,65.75,,,,,
25/07/2008,65.75,,,,,
28/07/2008,62.5,,,,,
29/07/2008,62.5,,,,,
30/07/2008,60.15,,,,,
31/07/2008,60.15,,,,,
01/08/2008,75.5,,,,,
04/08/2008,74.75,,,,,
05/08/2008,72.88,,,,,
06/08/2008,73.13,,,,,
07/08/2008,74.51,,,,,
08/08/2008,73.63,,,,,
11/08/2008,75.52,,,,,
12/08/2008,74.88,,,,,
13/08/2008,75,,,,,
14/08/2008,75,,,,,
15/08/2008,74,,,,,
18/08/2008,75.69,,,,,
19/08/2008,77.5,,,,,
20/08/2008,79,,,,,
21/08/2008,81.57,,,,,
22/08/2008,81.44,,,,,
25/08/2008,83.07,,,,,
26/08/2008,81.83,,,,,
27/08/2008,83.74,,,,,
28/08/2008,86.17,,,,,
29/08/2008,86.17,,,,,
01/09/2008,95.5,,,,,
02/09/2008,96.21,,,,,
03/09/2008,94.7,,,,,
04/09/2008,94.88,,,,,
05/09/2008,92.62,,,,,
08/09/2008,90.09,,,,,
09/09/2008,88.92,,,,,
10/09/2008,90.46,,,,,
11/09/2008,93.66,,,,,
12/09/2008,93.42,,,,,
15/09/2008,94.23,,,,,
16/09/2008,92.89,,,,,
17/09/2008,92.47,,,,,
18/09/2008,93,,,,,
19/09/2008,94.44,,,,,
22/09/2008,97.51,,,,,
23/09/2008,97.76,,,,,
24/09/2008,95.38,,,,,
25/09/2008,96.34,,,,,
26/09/2008,96.5,,,,,
29/09/2008,97.94,,,,,
30/09/2008,97.94,,,,,
01/10/2008,120.25,,,,,
02/10/2008,122.17,,,,,
03/10/2008,122.17,,,,,
06/10/2008,123.33,,,,,
07/10/2008,120.75,,,,,
08/10/2008,119.88,,,,,
09/10/2008,116.82,,,,,
10/10/2008,109.94,,,,,
13/10/2008,108.32,,,,,
14/10/2008,107.19,,,,,
15/10/2008,103.63,,,,,
16/10/2008,106.94,,,,,
17/10/2008,104.98,,,,,
20/10/2008,106.18,,,,,
21/10/2008,108,,,,,
22/10/2008,109,,,,,
23/10/2008,107,,,,,
24/10/2008,108.25,,,,,
27/10/2008,102.87,,,,,
28/10/2008,97,,,,,
29/10/2008,94,,,,,
30/10/2008,89.75,,,,,
31/10/2008,89.75,,,,,
03/11/2008,88.35,,,,,
04/11/2008,88.44,,,,,
05/11/2008,90.38,,,,,
06/11/2008,88.94,,,,,
07/11/2008,88.93,,,,,
10/11/2008,84,,,,,
11/11/2008,80,,,,,
12/11/2008,79.57,,,,,
13/11/2008,75.94,,,,,
14/11/2008,76,,,,,
17/11/2008,74,,,,,
18/11/2008,74.69,,,,,
19/11/2008,75.63,,,,,
20/11/2008,73.5,,,,,
21/11/2008,72,,,,,
24/11/2008,70.38,,,,,
25/11/2008,72,,,,,
26/11/2008,74.43,,,,,
27/11/2008,74.95,,,,,
28/11/2008,74.95,,,,,
01/12/2008,73.58,,,,,
02/12/2008,72.35,,,,,
03/12/2008,68.96,,,,,
04/12/2008,69.22,,,,,
05/12/2008,71,,,,,
08/12/2008,68,,,,,
09/12/2008,68.76,,,,,
10/12/2008,70,,,,,
11/12/2008,73.5,,,,,
12/12/2008,70.45,,,,,
15/12/2008,68.02,,,,,
16/12/2008,66,,,,,
17/12/2008,66.25,,,,,
18/12/2008,65.51,,,,,
19/12/2008,66.75,,,,,
22/12/2008,70,,,,,
23/12/2008,70.61,,,,,
24/12/2008,70.61,,,,,
25/12/2008,70.61,,,,,
26/12/2008,70.61,,,,,
29/12/2008,73.25,,,,,
30/12/2008,73.25,,,,,
31/12/2008,73.25,,,,,
01/01/2009,73.25,,,,,
02/01/2009,68.75,,,,,
05/01/2009,68.05,,,,,
06/01/2009,69.44,,,,,
07/01/2009,68.02,,,,,
08/01/2009,66.57,,,,,
09/01/2009,64.44,,,,,
12/01/2009,64,,,,,
13/01/2009,63.32,,,,,
14/01/2009,63.82,,,,,
15/01/2009,64.68,,,,,
16/01/2009,64.24,,,,,
19/01/2009,61.57,,,,,
20/01/2009,57.83,,,,,
21/01/2009,58.44,,,,,
22/01/2009,59.29,,,,,
23/01/2009,59.65,,,,,
26/01/2009,61.75,,,,,
27/01/2009,62.83,,,,,
28/01/2009,62.85,,,,,
29/01/2009,59.95,,,,,
30/01/2009,59.95,,,,,
02/02/2009,53.42,,,,,
03/02/2009,52.38,,,,,
04/02/2009,52.49,,,,,
05/02/2009,53.32,,,,,
06/02/2009,54.3,,,,,
09/02/2009,55.94,,,,,
10/02/2009,55.5,,,,,
11/02/2009,52.74,,,,,
12/02/2009,49.92,,,,,
13/02/2009,47.57,,,,,
16/02/2009,44.82,,,,,
17/02/2009,44.29,,,,,
18/02/2009,44.93,,,,,
19/02/2009,43.6,,,,,
20/02/2009,41.63,,,,,
23/02/2009,39.39,,,,,
24/02/2009,37.85,,,,,
25/02/2009,38.97,,,,,
26/02/2009,39.94,,,,,
27/02/2009,39.94,,,,,
02/03/2009,36.78,,,,,
03/03/2009,37.02,,,,,
04/03/2009,37.63,,,,,
05/03/2009,37.04,,,,,
06/03/2009,36.45,,,,,
09/03/2009,35.81,,,,,
10/03/2009,36.05,,,,,
11/03/2009,36,,,,,
12/03/2009,35.72,,,,,
13/03/2009,35.49,,,,,
16/03/2009,34.9,,,,,
17/03/2009,34.9,,,,,
18/03/2009,34.49,,,,,
19/03/2009,34.43,,,,,
20/03/2009,34.41,,,,,
23/03/2009,35.67,,,,,
24/03/2009,35.63,,,,,
25/03/2009,34.45,,,,,
26/03/2009,34.5,,,,,
27/03/2009,34.43,,,,,
30/03/2009,33.6,,,,,
31/03/2009,33.6,,,,,
01/04/2009,30.88,,,,,
02/04/2009,31.75,,,,,
03/04/2009,32,,,,,
06/04/2009,33.08,,,,,
07/04/2009,31.51,,,,,
08/04/2009,31.63,,,,,
09/04/2009,31.88,,,,,
10/04/2009,31.88,,,,,
13/04/2009,31.88,,,,,
14/04/2009,31.38,,,,,
15/04/2009,32.25,,,,,
16/04/2009,32.25,,,,,
17/04/2009,31.25,,,,,
20/04/2009,31.75,,,,,
21/04/2009,30.38,,,,,
22/04/2009,31.34,,,,,
23/04/2009,31.4,,,,,
24/04/2009,31.25,,,,,
27/04/2009,31.38,,,,,
28/04/2009,31.88,,,,,
29/04/2009,32.38,,,,,
30/04/2009,32.38,,,,,
01/05/2009,32.38,,,,,
04/05/2009,36.8,,,,,
05/05/2009,35.63,,,,,
06/05/2009,35.5,,,,,
07/05/2009,35.33,,,,,
08/05/2009,34.96,,,,,
11/05/2009,34.02,,,,,
12/05/2009,34,,,,,
13/05/2009,34.04,,,,,
14/05/2009,33.98,,,,,
15/05/2009,34.25,,,,,
18/05/2009,35.02,,,,,
19/05/2009,35.44,,,,,
20/05/2009,35.61,,,,,
21/05/2009,35.61,,,,,
22/05/2009,35.25,,,,,
25/05/2009,34.91,,,,,
26/05/2009,34.75,,,,,
27/05/2009,35.29,,,,,
28/05/2009,34.88,,,,,
29/05/2009,34.88,,,,,
01/06/2009,34.88,,,,,
02/06/2009,37.25,,,,,
03/06/2009,38.01,,,,,
04/06/2009,38.14,,,,,
05/06/2009,38.07,,,,,
08/06/2009,38.23,,,,,
09/06/2009,39.88,,,,,
10/06/2009,40.62,,,,,
11/06/2009,39.42,,,,,
12/06/2009,41.25,,,,,
15/06/2009,41.49,,,,,
16/06/2009,40.04,,,,,
17/06/2009,40.08,,,,,
18/06/2009,40.15,,,,,
19/06/2009,39.99,,,,,
22/06/2009,37.94,,,,,
23/06/2009,38.9,,,,,
24/06/2009,40.28,,,,,
25/06/2009,38.72,,,,,
26/06/2009,37.99,,,,,
29/06/2009,37,,,,,
30/06/2009,37,,,,,
01/07/2009,32.13,,,,,
02/07/2009,31.5,,,,,
03/07/2009,31.75,,,,,
06/07/2009,32.45,,,,,
07/07/2009,32.13,,,,,
08/07/2009,32,,,,,
09/07/2009,32.13,,,,,
10/07/2009,32.38,,,,,
13/07/2009,32.13,,,,,
14/07/2009,31.63,,,,,
15/07/2009,31.44,,,,,
16/07/2009,30.75,,,,,
17/07/2009,31.25,,,,,
20/07/2009,30.52,,,,,
21/07/2009,31.13,,,,,
22/07/2009,31,,,,,
23/07/2009,31.25,,,,,
24/07/2009,31.75,,,,,
27/07/2009,31.38,,,,,
28/07/2009,31.13,,,,,
29/07/2009,31.59,,,,,
30/07/2009,32.58,,,,,
31/07/2009,32.58,,,,,
03/08/2009,38.25,,,,,
04/08/2009,38.05,,,,,
05/08/2009,38.26,,,,,
06/08/2009,39.11,,,,,
07/08/2009,38.88,,,,,
10/08/2009,38.33,,,,,
11/08/2009,38.49,,,,,
12/08/2009,38.65,,,,,
13/08/2009,39.13,,,,,
14/08/2009,40,,,,,
17/08/2009,40.17,,,,,
18/08/2009,39.82,,,,,
19/08/2009,40.75,,,,,
20/08/2009,40.25,,,,,
21/08/2009,41.02,,,,,
24/08/2009,41.75,,,,,
25/08/2009,41.86,,,,,
26/08/2009,43.08,,,,,
27/08/2009,42.88,,,,,
28/08/2009,42.11,,,,,
31/08/2009,42.11,,,,,
01/09/2009,49.57,,,,,
02/09/2009,50.57,,,,,
03/09/2009,50.24,,,,,
04/09/2009,49.89,,,,,
07/09/2009,50.37,,,,,
08/09/2009,47.84,,,,,
09/09/2009,47.47,,,,,
10/09/2009,46.25,,,,,
11/09/2009,45.93,,,,,
14/09/2009,45.66,,,,,
15/09/2009,44.41,,,,,
16/09/2009,44.44,,,,,
17/09/2009,44.58,,,,,
18/09/2009,44.59,,,,,
21/09/2009,45.43,,,,,
22/09/2009,46.31,,,,,
23/09/2009,46.8,,,,,
24/09/2009,45.35,,,,,
25/09/2009,45.04,,,,,
28/09/2009,46.99,,,,,
29/09/2009,47,,,,,
30/09/2009,47,,,,,
01/10/2009,57.32,,,,,
02/10/2009,57.76,,,,,
05/10/2009,60.28,,,,,
06/10/2009,61.53,,,,,
07/10/2009,65.88,,,,,
08/10/2009,64,,,,,
09/10/2009,63.76,,,,,
12/10/2009,64.43,,,,,
13/10/2009,63,,,,,
14/10/2009,60.63,,,,,
15/10/2009,59.25,,,,,
16/10/2009,62.25,,,,,
19/10/2009,64.38,,,,,
20/10/2009,72.25,,,,,
21/10/2009,78.8,,,,,
22/10/2009,74,,,,,
23/10/2009,76.18,,,,,
26/10/2009,68.34,,,,,
27/10/2009,68.4,,,,,
28/10/2009,70.25,,,,,
29/10/2009,76.2,,,,,
30/10/2009,76.2,,,,,
02/11/2009,77.75,,,,,
03/11/2009,74.19,,,,,
04/11/2009,72,,,,,
05/11/2009,69.75,,,,,
06/11/2009,67.5,,,,,
09/11/2009,61.5,,,,,
10/11/2009,59.75,,,,,
11/11/2009,59.5,,,,,
12/11/2009,56,,,,,
13/11/2009,59,,,,,
16/11/2009,58.5,,,,,
17/11/2009,59,,,,,
18/11/2009,66.62,,,,,
19/11/2009,61,,,,,
20/11/2009,60.93,,,,,
23/11/2009,58.11,,,,,
24/11/2009,52.7,,,,,
25/11/2009,51.25,,,,,
26/11/2009,53.06,,,,,
27/11/2009,52.08,,,,,
30/11/2009,52.08,,,,,
01/12/2009,52.26,,,,,
02/12/2009,51.53,,,,,
03/12/2009,52.31,,,,,
04/12/2009,50.73,,,,,
07/12/2009,55.81,,,,,
08/12/2009,57.63,,,,,
09/12/2009,56.24,,,,,
10/12/2009,55.87,,,,,
11/12/2009,55.52,,,,,
14/12/2009,55.47,,,,,
15/12/2009,55.66,,,,,
16/12/2009,52.9,,,,,
17/12/2009,50.41,,,,,
18/12/2009,50.23,,,,,
21/12/2009,51.45,,,,,
22/12/2009,51.97,,,,,
23/12/2009,51.28,,,,,
24/12/2009,51.28,,,,,
25/12/2009,51.28,,,,,
28/12/2009,53.79,,,,,
29/12/2009,54.5,,,,,
30/12/2009,54.5,,,,,
31/12/2009,54.5,,,,,
01/01/2010,54.5,,,,,
04/01/2010,54,,,,,
05/01/2010,53,,,,,
06/01/2010,53.5,,,,,
07/01/2010,53.68,,,,,
08/01/2010,51.31,,,,,
11/01/2010,48.24,,,,,
12/01/2010,47,,,,,
13/01/2010,47,,,,,
14/01/2010,47,,,,,
15/01/2010,46.13,,,,,
18/01/2010,46.5,,,,,
19/01/2010,47.01,,,,,
20/01/2010,46.75,,,,,
21/01/2010,45.75,,,,,
22/01/2010,45.66,,,,,
25/01/2010,47.25,,,,,
26/01/2010,49.99,,,,,
27/01/2010,54.75,,,,,
28/01/2010,55.5,,,,,
29/01/2010,55.5,,,,,
01/02/2010,41.76,,,,,
02/02/2010,41.94,,,,,
03/02/2010,42.5,,,,,
04/02/2010,42.25,,,,,
05/02/2010,42.25,,,,,
08/02/2010,42.51,,,,,
09/02/2010,41.58,,,,,
10/02/2010,41,,,,,
11/02/2010,41.7,,,,,
12/02/2010,42.5,,,,,
15/02/2010,42.25,,,,,
16/02/2010,42.63,,,,,
17/02/2010,41.83,,,,,
18/02/2010,41.63,,,,,
19/02/2010,41.79,,,,,
22/02/2010,41.88,,,,,
23/02/2010,41.5,,,,,
24/02/2010,42,,,,,
25/02/2010,42,,,,,
26/02/2010,42,,,,,
01/03/2010,38.25,,,,,
02/03/2010,38.36,,,,,
03/03/2010,38.2,,,,,
04/03/2010,37.53,,,,,
05/03/2010,37.98,,,,,
08/03/2010,37.51,,,,,
09/03/2010,38.57,,,,,
10/03/2010,38.14,,,,,
11/03/2010,38.19,,,,,
12/03/2010,38.14,,,,,
15/03/2010,37.35,,,,,
16/03/2010,37.85,,,,,
17/03/2010,37.58,,,,,
18/03/2010,38.03,,,,,
19/03/2010,38.73,,,,,
22/03/2010,38.8,,,,,
23/03/2010,37.24,,,,,
24/03/2010,37.59,,,,,
25/03/2010,37.55,,,,,
26/03/2010,38.74,,,,,
29/03/2010,37.64,,,,,
30/03/2010,37.64,,,,,
31/03/2010,37.64,,,,,
01/04/2010,35.4,,,,,
02/04/2010,35.4,,,,,
05/04/2010,35.4,,,,,
06/04/2010,36.5,,,,,
07/04/2010,36.25,,,,,
08/04/2010,36.75,,,,,
09/04/2010,38.25,,,,,
12/04/2010,37.63,,,,,
13/04/2010,37.45,,,,,
14/04/2010,38.4,,,,,
15/04/2010,38.38,,,,,
16/04/2010,38.38,,,,,
19/04/2010,37.49,,,,,
20/04/2010,38.77,,,,,
21/04/2010,38.73,,,,,
22/04/2010,38.6,,,,,
23/04/2010,39,,,,,
26/04/2010,41.24,,,,,
27/04/2010,42,,,,,
28/04/2010,41.63,,,,,
29/04/2010,42.75,,,,,
30/04/2010,42.75,,,,,
03/05/2010,49,,,,,
04/05/2010,49,,,,,
05/05/2010,48.13,,,,,
06/05/2010,49.14,,,,,
07/05/2010,51,,,,,
10/05/2010,49.75,,,,,
11/05/2010,48.75,,,,,
12/05/2010,47.63,,,,,
13/05/2010,47.63,,,,,
14/05/2010,47.28,,,,,
17/05/2010,46.37,,,,,
18/05/2010,47.5,,,,,
19/05/2010,47,,,,,
20/05/2010,46.63,,,,,
21/05/2010,46.63,,,,,
24/05/2010,46.63,,,,,
25/05/2010,47.5,,,,,
26/05/2010,47.75,,,,,
27/05/2010,47,,,,,
28/05/2010,46,,,,,
31/05/2010,46,,,,,
01/06/2010,45.99,,,,,
02/06/2010,46.89,,,,,
03/06/2010,46.88,,,,,
04/06/2010,46.49,,,,,
07/06/2010,48.08,,,,,
08/06/2010,48.75,,,,,
09/06/2010,48.88,,,,,
10/06/2010,47.93,,,,,
11/06/2010,47.17,,,,,
14/06/2010,46.72,,,,,
15/06/2010,47.12,,,,,
16/06/2010,47.05,,,,,
17/06/2010,46.64,,,,,
18/06/2010,47.53,,,,,
21/06/2010,48.35,,,,,
22/06/2010,46.85,,,,,
23/06/2010,45.58,,,,,
24/06/2010,44.02,,,,,
25/06/2010,45.44,,,,,
28/06/2010,47.46,,,,,
29/06/2010,48,,,,,
30/06/2010,48,,,,,
01/07/2010,44.65,,,,,
02/07/2010,44,,,,,
05/07/2010,43.63,,,,,
06/07/2010,42.81,,,,,
07/07/2010,42.61,,,,,
08/07/2010,43.25,,,,,
09/07/2010,43.54,,,,,
12/07/2010,43.25,,,,,
13/07/2010,43,,,,,
14/07/2010,42.75,,,,,
15/07/2010,42.5,,,,,
16/07/2010,41.75,,,,,
19/07/2010,41.5,,,,,
20/07/2010,41.13,,,,,
21/07/2010,40.46,,,,,
22/07/2010,40.88,,,,,
23/07/2010,40.88,,,,,
26/07/2010,39.25,,,,,
27/07/2010,39.38,,,,,
28/07/2010,39.88,,,,,
29/07/2010,40.5,,,,,
30/07/2010,40.5,,,,,
02/08/2010,47.74,,,,,
03/08/2010,47.94,,,,,
04/08/2010,47.63,,,,,
05/08/2010,47.75,,,,,
06/08/2010,47.5,,,,,
09/08/2010,47.5,,,,,
10/08/2010,47.5,,,,,
11/08/2010,47.5,,,,,
12/08/2010,48.25,,,,,
13/08/2010,48.63,,,,,
16/08/2010,48,,,,,
17/08/2010,48.5,,,,,
18/08/2010,48.25,,,,,
19/08/2010,48.23,,,,,
20/08/2010,48.25,,,,,
23/08/2010,48.32,,,,,
24/08/2010,48.4,,,,,
25/08/2010,48.9,,,,,
26/08/2010,48.5,,,,,
27/08/2010,49.5,,,,,
30/08/2010,49.5,,,,,
31/08/2010,49.5,,,,,
01/09/2010,55.85,,,,,
02/09/2010,56.44,,,,,
03/09/2010,54.84,,,,,
06/09/2010,54.43,,,,,
07/09/2010,53.65,,,,,
08/09/2010,53.48,,,,,
09/09/2010,53.55,,,,,
10/09/2010,52.74,,,,,
13/09/2010,53.58,,,,,
14/09/2010,53.75,,,,,
15/09/2010,54,,,,,
16/09/2010,53.12,,,,,
17/09/2010,54.32,,,,,
20/09/2010,52.88,,,,,
21/09/2010,53.69,,,,,
22/09/2010,54.01,,,,,
23/09/2010,50.95,,,,,
24/09/2010,53.96,,,,,
27/09/2010,52.13,,,,,
28/09/2010,52.25,,,,,
29/09/2010,52.53,,,,,
30/09/2010,52.53,,,,,
01/10/2010,58.73,,,,,
04/10/2010,58.84,,,,,
05/10/2010,58.19,,,,,
06/10/2010,57.54,,,,,
07/10/2010,57,,,,,
08/10/2010,56.72,,,,,
11/10/2010,57.28,,,,,
12/10/2010,56.59,,,,,
13/10/2010,57.19,,,,,
14/10/2010,56.84,,,,,
15/10/2010,57.3,,,,,
18/10/2010,56.68,,,,,
19/10/2010,56,,,,,
20/10/2010,56.19,,,,,
21/10/2010,53.6,,,,,
22/10/2010,53.25,,,,,
25/10/2010,54.25,,,,,
26/10/2010,53.89,,,,,
27/10/2010,55.25,,,,,
28/10/2010,55.25,,,,,
29/10/2010,55.25,,,,,
01/11/2010,54.18,,,,,
02/11/2010,54.55,,,,,
03/11/2010,54.54,,,,,
04/11/2010,53.97,,,,,
05/11/2010,53.25,,,,,
08/11/2010,52.5,,,,,
09/11/2010,52.5,,,,,
10/11/2010,52.88,,,,,
11/11/2010,52.55,,,,,
12/11/2010,53.4,,,,,
15/11/2010,55.23,,,,,
16/11/2010,55.52,,,,,
17/11/2010,54.53,,,,,
18/11/2010,55.27,,,,,
19/11/2010,56.08,,,,,
22/11/2010,57,,,,,
23/11/2010,56,,,,,
24/11/2010,56.75,,,,,
25/11/2010,56.87,,,,,
26/11/2010,56.5,,,,,
29/11/2010,57.38,,,,,
30/11/2010,57.38,,,,,
01/12/2010,56.52,,,,,
02/12/2010,57.94,,,,,
03/12/2010,59.55,,,,,
06/12/2010,63.25,,,,,
07/12/2010,62.99,,,,,
08/12/2010,63.43,,,,,
09/12/2010,61.81,,,,,
10/12/2010,62.11,,,,,
13/12/2010,61.52,,,,,
14/12/2010,61.16,,,,,
15/12/2010,60.5,,,,,
16/12/2010,59.63,,,,,
17/12/2010,59.94,,,,,
20/12/2010,60.41,,,,,
21/12/2010,60.86,,,,,
22/12/2010,62.55,,,,,
23/12/2010,62.39,,,,,
24/12/2010,62.39,,,,,
27/12/2010,62.5,,,,,
28/12/2010,61.5,,,,,
29/12/2010,62,,,,,
30/12/2010,62,,,,,
31/12/2010,62,,,,,
03/01/2011,58,,,,,
04/01/2011,57.76,,,,,
05/01/2011,58.25,,,,,
06/01/2011,58.07,,,,,
07/01/2011,58.13,,,,,
10/01/2011,55.82,,,,,
11/01/2011,56.72,,,,,
12/01/2011,56.31,,,,,
13/01/2011,55.64,,,,,
14/01/2011,55.58,,,,,
17/01/2011,56.11,,,,,
18/01/2011,54.95,,,,,
19/01/2011,55.41,,,,,
20/01/2011,54,,,,,
21/01/2011,54.5,,,,,
24/01/2011,55.5,,,,,
25/01/2011,54,,,,,
26/01/2011,52.5,,,,,
27/01/2011,52,,,,,
28/01/2011,51,,,,,
31/01/2011,51,,,,,
01/02/2011,49.96,,,,,
02/02/2011,50.05,,,,,
03/02/2011,51.75,,,,,
04/02/2011,52,,,,,
07/02/2011,51.63,,,,,
08/02/2011,51,,,,,
09/02/2011,51,,,,,
10/02/2011,50.25,,,,,
11/02/2011,50.75,,,,,
14/02/2011,50.25,,,,,
15/02/2011,50.75,,,,,
16/02/2011,50.5,,,,,
17/02/2011,51.44,,,,,
18/02/2011,51.5,,,,,
21/02/2011,52.41,,,,,
22/02/2011,53,,,,,
23/02/2011,53.5,,,,,
24/02/2011,54.38,,,,,
25/02/2011,55,,,,,
28/02/2011,55,,,,,
01/03/2011,51.3,,,,,
02/03/2011,51.25,,,,,
03/03/2011,51.55,,,,,
04/03/2011,52.98,,,,,
07/03/2011,52.97,,,,,
08/03/2011,52.14,,,,,
09/03/2011,52.42,,,,,
10/03/2011,52.76,,,,,
11/03/2011,52.32,,,,,
14/03/2011,55.4,,,,,
15/03/2011,62.97,,,,,
16/03/2011,62.49,,,,,
17/03/2011,61.14,,,,,
18/03/2011,59.9,,,,,
21/03/2011,57.02,,,,,
22/03/2011,56.37,,,,,
23/03/2011,57.31,,,,,
24/03/2011,56.91,,,,,
25/03/2011,56.22,,,,,
28/03/2011,55.47,,,,,
29/03/2011,53.78,,,,,
30/03/2011,52,,,,,
31/03/2011,52,,,,,
01/04/2011,56.46,,,,,
04/04/2011,57.13,,,,,
05/04/2011,56.91,,,,,
06/04/2011,57.13,,,,,
07/04/2011,56.5,,,,,
08/04/2011,55.75,,,,,
11/04/2011,55.38,,,,,
12/04/2011,55.5,,,,,
13/04/2011,55,,,,,
14/04/2011,54.25,,,,,
15/04/2011,54,,,,,
18/04/2011,55,,,,,
19/04/2011,54.5,,,,,
20/04/2011,54.75,,,,,
21/04/2011,56.5,,,,,
22/04/2011,56.5,,,,,
25/04/2011,56.5,,,,,
26/04/2011,54.38,,,,,
27/04/2011,54.75,,,,,
28/04/2011,53.97,,,,,
29/04/2011,53.97,,,,,
02/05/2011,51.68,,,,,
03/05/2011,51.85,,,,,
04/05/2011,52.2,,,,,
05/05/2011,52.13,,,,,
06/05/2011,53.25,,,,,
09/05/2011,53.63,,,,,
10/05/2011,53.75,,,,,
11/05/2011,53.88,,,,,
12/05/2011,55.92,,,,,
13/05/2011,57,,,,,
16/05/2011,57.5,,,,,
17/05/2011,56.94,,,,,
18/05/2011,56.25,,,,,
19/05/2011,56.25,,,,,
20/05/2011,56.75,,,,,
23/05/2011,55.33,,,,,
24/05/2011,55.25,,,,,
25/05/2011,54.38,,,,,
26/05/2011,54.87,,,,,
27/05/2011,54.5,,,,,
30/05/2011,52.5,,,,,
31/05/2011,52.5,,,,,
01/06/2011,55.76,,,,,
02/06/2011,55.76,,,,,
03/06/2011,55.06,,,,,
06/06/2011,53.76,,,,,
07/06/2011,53.79,,,,,
08/06/2011,53.14,,,,,
09/06/2011,52.56,,,,,
10/06/2011,52.9,,,,,
13/06/2011,52.9,,,,,
14/06/2011,52.33,,,,,
15/06/2011,51.8,,,,,
16/06/2011,51.21,,,,,
17/06/2011,50.46,,,,,
20/06/2011,50.16,,,,,
21/06/2011,48.85,,,,,
22/06/2011,49.31,,,,,
23/06/2011,48.73,,,,,
24/06/2011,49.86,,,,,
27/06/2011,48.66,,,,,
28/06/2011,45.96,,,,,
29/06/2011,45.71,,,,,
30/06/2011,45.71,,,,,
01/07/2011,46,,,,,
04/07/2011,44.75,,,,,
05/07/2011,44.53,,,,,
06/07/2011,44.5,,,,,
07/07/2011,45.26,,,,,
08/07/2011,44.85,,,,,
11/07/2011,45,,,,,
12/07/2011,45.12,,,,,
13/07/2011,44.1,,,,,
14/07/2011,45.54,,,,,
15/07/2011,44.27,,,,,
18/07/2011,42.46,,,,,
19/07/2011,41.72,,,,,
20/07/2011,41,,,,,
21/07/2011,41.55,,,,,
22/07/2011,40.8,,,,,
25/07/2011,39.5,,,,,
26/07/2011,37.57,,,,,
27/07/2011,35.5,,,,,
28/07/2011,35.5,,,,,
29/07/2011,35.5,,,,,
01/08/2011,49.38,,,,,
02/08/2011,49.25,,,,,
03/08/2011,49.15,,,,,
04/08/2011,48.65,,,,,
05/08/2011,48.75,,,,,
08/08/2011,49.45,,,,,
09/08/2011,50.41,,,,,
10/08/2011,51.63,,,,,
11/08/2011,52.5,,,,,
12/08/2011,52.29,,,,,
15/08/2011,52.5,,,,,
16/08/2011,51.25,,,,,
17/08/2011,51.5,,,,,
18/08/2011,52,,,,,
19/08/2011,52.5,,,,,
22/08/2011,51.73,,,,,
23/08/2011,51.31,,,,,
24/08/2011,51.15,,,,,
25/08/2011,51.17,,,,,
26/08/2011,50.63,,,,,
29/08/2011,51.5,,,,,
30/08/2011,51.78,,,,,
31/08/2011,51.78,,,,,
01/09/2011,65.29,,,,,
02/09/2011,64.61,,,,,
05/09/2011,64.57,,,,,
06/09/2011,64.69,,,,,
07/09/2011,64.84,,,,,
08/09/2011,65.9,,,,,
09/09/2011,65.02,,,,,
12/09/2011,65.59,,,,,
13/09/2011,64.83,,,,,
14/09/2011,64.18,,,,,
15/09/2011,63.57,,,,,
16/09/2011,62.32,,,,,
19/09/2011,61.79,,,,,
20/09/2011,60.21,,,,,
21/09/2011,60.92,,,,,
22/09/2011,60.52,,,,,
23/09/2011,60.06,,,,,
26/09/2011,58.63,,,,,
27/09/2011,58.27,,,,,
28/09/2011,57.78,,,,,
29/09/2011,60.19,,,,,
30/09/2011,60.19,,,,,
03/10/2011,60.19,,,,,
04/10/2011,64.73,,,,,
05/10/2011,64.5,,,,,
06/10/2011,64,,,,,
07/10/2011,63.5,,,,,
10/10/2011,64,,,,,
11/10/2011,63.5,,,,,
12/10/2011,64.13,,,,,
13/10/2011,61.9,,,,,
14/10/2011,60.75,,,,,
17/10/2011,60.5,,,,,
18/10/2011,60.25,,,,,
19/10/2011,59.35,,,,,
20/10/2011,58.6,,,,,
21/10/2011,58.5,,,,,
24/10/2011,58.75,,,,,
25/10/2011,58.53,,,,,
26/10/2011,57.5,,,,,
27/10/2011,58.33,,,,,
28/10/2011,59.15,,,,,
31/10/2011,59.15,,,,,
01/11/2011,61,,,,,
02/11/2011,59.39,,,,,
03/11/2011,59.92,,,,,
04/11/2011,60.5,,,,,
07/11/2011,63.13,,,,,
08/11/2011,62,,,,,
09/11/2011,61.25,,,,,
10/11/2011,61.94,,,,,
11/11/2011,61.75,,,,,
14/11/2011,60.5,,,,,
15/11/2011,60,,,,,
16/11/2011,60.01,,,,,
17/11/2011,58.26,,,,,
18/11/2011,57.83,,,,,
21/11/2011,55.94,,,,,
22/11/2011,55.35,,,,,
23/11/2011,55,,,,,
24/11/2011,56.04,,,,,
25/11/2011,55.95,,,,,
28/11/2011,54.75,,,,,
29/11/2011,53.35,,,,,
30/11/2011,53.35,,,,,
01/12/2011,56.55,,,,,
02/12/2011,56.04,,,,,
05/12/2011,54.41,,,,,
06/12/2011,53.77,,,,,
07/12/2011,54.15,,,,,
08/12/2011,54,,,,,
09/12/2011,54.86,,,,,
12/12/2011,54.41,,,,,
13/12/2011,54.22,,,,,
14/12/2011,53.46,,,,,
15/12/2011,53.92,,,,,
16/12/2011,52.76,,,,,
19/12/2011,51.59,,,,,
20/12/2011,52.92,,,,,
21/12/2011,52.6,,,,,
22/12/2011,53.51,,,,,
23/12/2011,53.31,,,,,
26/12/2011,53.31,,,,,
27/12/2011,53.38,,,,,
28/12/2011,51.64,,,,,
29/12/2011,50.5,,,,,
30/12/2011,50.5,,,,,
02/01/2012,52.5,,,,,
03/01/2012,49.88,,,,,
04/01/2012,50.11,,,,,
05/01/2012,50.5,,,,,
06/01/2012,50.25,,,,,
09/01/2012,51.2,,,,,
10/01/2012,50.43,,,,,
11/01/2012,52,,,,,
12/01/2012,52,,,,,
13/01/2012,51.5,,,,,
16/01/2012,49.25,,,,,
17/01/2012,46.78,,,,,
18/01/2012,47.63,,,,,
19/01/2012,48,,,,,
20/01/2012,48.5,,,,,
23/01/2012,49.5,,,,,
24/01/2012,49,,,,,
25/01/2012,49.5,,,,,
26/01/2012,49.5,,,,,
27/01/2012,52.5,,,,,
30/01/2012,57.38,,,,,
31/01/2012,57.38,,,,,
01/02/2012,49,,,,,
02/02/2012,50.75,,,,,
03/02/2012,51.63,,,,,
06/02/2012,53,,,,,
07/02/2012,55,,,,,
08/02/2012,53.98,,,,,
09/02/2012,51,,,,,
10/02/2012,50.5,,,,,
13/02/2012,47,,,,,
14/02/2012,47.25,,,,,
15/02/2012,49.75,,,,,
16/02/2012,49.13,,,,,
17/02/2012,47.59,,,,,
20/02/2012,47.15,,,,,
21/02/2012,47.38,,,,,
22/02/2012,48.37,,,,,
23/02/2012,49,,,,,
24/02/2012,49.75,,,,,
27/02/2012,51.27,,,,,
28/02/2012,49.83,,,,,
29/02/2012,49.83,,,,,
01/03/2012,45.29,,,,,
02/03/2012,45.11,,,,,
05/03/2012,44.99,,,,,
06/03/2012,44.25,,,,,
07/03/2012,44.57,,,,,
08/03/2012,45.52,,,,,
09/03/2012,45.64,,,,,
12/03/2012,44.46,,,,,
13/03/2012,43.97,,,,,
14/03/2012,45.24,,,,,
15/03/2012,45.61,,,,,
16/03/2012,45.68,,,,,
19/03/2012,45.86,,,,,
20/03/2012,45.69,,,,,
21/03/2012,45.19,,,,,
22/03/2012,43.65,,,,,
23/03/2012,43.3,,,,,
26/03/2012,42.16,,,,,
27/03/2012,42.21,,,,,
28/03/2012,42.72,,,,,
29/03/2012,44,,,,,
30/03/2012,44,,,,,
02/04/2012,39.53,,,,,
03/04/2012,38.63,,,,,
04/04/2012,38.55,,,,,
05/04/2012,38.38,,,,,
06/04/2012,38.38,,,,,
09/04/2012,38.38,,,,,
10/04/2012,39,,,,,
11/04/2012,39.75,,,,,
12/04/2012,39.9,,,,,
13/04/2012,40.25,,,,,
16/04/2012,38.75,,,,,
17/04/2012,38.63,,,,,
18/04/2012,38.63,,,,,
19/04/2012,39,,,,,
20/04/2012,39.1,,,,,
23/04/2012,39.58,,,,,
24/04/2012,38.75,,,,,
25/04/2012,38.5,,,,,
26/04/2012,38.3,,,,,
27/04/2012,38.95,,,,,
30/04/2012,38.95,,,,,
01/05/2012,38.95,,,,,
02/05/2012,39.5,,,,,
03/05/2012,39,,,,,
04/05/2012,38.75,,,,,
07/05/2012,38.75,,,,,
08/05/2012,38.75,,,,,
09/05/2012,38.75,,,,,
10/05/2012,39,,,,,
11/05/2012,39,,,,,
14/05/2012,39,,,,,
15/05/2012,38.75,,,,,
16/05/2012,38.63,,,,,
17/05/2012,38.63,,,,,
18/05/2012,38.13,,,,,
21/05/2012,37.63,,,,,
22/05/2012,37.63,,,,,
23/05/2012,38.38,,,,,
24/05/2012,38.85,,,,,
25/05/2012,38.63,,,,,
28/05/2012,38.63,,,,,
29/05/2012,39.13,,,,,
30/05/2012,40,,,,,
31/05/2012,40,,,,,
01/06/2012,40.26,,,,,
04/06/2012,40.38,,,,,
05/06/2012,40.92,,,,,
06/06/2012,40.67,,,,,
07/06/2012,40.39,,,,,
08/06/2012,39.65,,,,,
11/06/2012,38.91,,,,,
12/06/2012,38.49,,,,,
13/06/2012,38.75,,,,,
14/06/2012,37.85,,,,,
15/06/2012,38.18,,,,,
18/06/2012,37.97,,,,,
19/06/2012,38.04,,,,,
20/06/2012,38.35,,,,,
21/06/2012,39.31,,,,,
22/06/2012,41.68,,,,,
25/06/2012,41.52,,,,,
26/06/2012,42.17,,,,,
27/06/2012,41.79,,,,,
28/06/2012,41.6,,,,,
29/06/2012,41.6,,,,,
02/07/2012,34.36,,,,,
03/07/2012,34.5,,,,,
04/07/2012,34.5,,,,,
05/07/2012,35.25,,,,,
06/07/2012,35.63,,,,,
09/07/2012,35.82,,,,,
10/07/2012,36.5,,,,,
11/07/2012,37.25,,,,,
12/07/2012,37.54,,,,,
13/07/2012,37.85,,,,,
16/07/2012,37.88,,,,,
17/07/2012,37.63,,,,,
18/07/2012,37.48,,,,,
19/07/2012,38.54,,,,,
20/07/2012,38.75,,,,,
23/07/2012,38.65,,,,,
24/07/2012,38.88,,,,,
25/07/2012,38.43,,,,,
26/07/2012,39.85,,,,,
27/07/2012,41,,,,,
30/07/2012,40,,,,,
31/07/2012,40,,,,,
01/08/2012,44.5,,,,,
02/08/2012,45.33,,,,,
03/08/2012,45.75,,,,,
06/08/2012,45.68,,,,,
07/08/2012,46.18,,,,,
08/08/2012,45.45,,,,,
09/08/2012,45.5,,,,,
10/08/2012,46,,,,,
13/08/2012,48.5,,,,,
14/08/2012,49.75,,,,,
15/08/2012,49.63,,,,,
16/08/2012,49,,,,,
17/08/2012,47.75,,,,,
20/08/2012,46.88,,,,,
21/08/2012,46.95,,,,,
22/08/2012,47,,,,,
23/08/2012,48.51,,,,,
24/08/2012,47.63,,,,,
27/08/2012,48.75,,,,,
28/08/2012,48.63,,,,,
29/08/2012,47.61,,,,,
30/08/2012,47.42,,,,,
31/08/2012,47.42,,,,,
03/09/2012,53.84,,,,,
04/09/2012,54.48,,,,,
05/09/2012,54.25,,,,,
06/09/2012,54.86,,,,,
07/09/2012,55.22,,,,,
10/09/2012,55.2,,,,,
11/09/2012,53.45,,,,,
12/09/2012,53.3,,,,,
13/09/2012,54.35,,,,,
14/09/2012,54.36,,,,,
17/09/2012,53.37,,,,,
18/09/2012,51.66,,,,,
19/09/2012,51.38,,,,,
20/09/2012,51.03,,,,,
21/09/2012,51.61,,,,,
24/09/2012,50.18,,,,,
25/09/2012,49.76,,,,,
26/09/2012,50.04,,,,,
27/09/2012,51.2,,,,,
28/09/2012,51.2,,,,,
01/10/2012,54.82,,,,,
02/10/2012,54.5,,,,,
03/10/2012,54.5,,,,,
04/10/2012,56.13,,,,,
05/10/2012,57.8,,,,,
08/10/2012,57.38,,,,,
09/10/2012,55.3,,,,,
10/10/2012,54.38,,,,,
11/10/2012,53.63,,,,,
12/10/2012,52.88,,,,,
15/10/2012,51.5,,,,,
16/10/2012,52.4,,,,,
17/10/2012,54.38,,,,,
18/10/2012,54.25,,,,,
19/10/2012,56.4,,,,,
22/10/2012,57.5,,,,,
23/10/2012,55.88,,,,,
24/10/2012,54.75,,,,,
25/10/2012,55,,,,,
26/10/2012,55.38,,,,,
29/10/2012,54.38,,,,,
30/10/2012,53.63,,,,,
31/10/2012,53.63,,,,,
01/11/2012,53.75,,,,,
02/11/2012,54.38,,,,,
05/11/2012,52.13,,,,,
06/11/2012,53.25,,,,,
07/11/2012,53.25,,,,,
08/11/2012,54.25,,,,,
09/11/2012,53.63,,,,,
12/11/2012,55.75,,,,,
13/11/2012,55.28,,,,,
14/11/2012,56.55,,,,,
15/11/2012,56.6,,,,,
16/11/2012,56.88,,,,,
19/11/2012,56.25,,,,,
20/11/2012,55.45,,,,,
21/11/2012,55.4,,,,,
22/11/2012,54.13,,,,,
23/11/2012,55.9,,,,,
26/11/2012,54.13,,,,,
27/11/2012,53.13,,,,,
28/11/2012,52.28,,,,,
29/11/2012,52.11,,,,,
30/11/2012,52.11,,,,,
03/12/2012,60.95,,,,,
04/12/2012,61.65,,,,,
05/12/2012,62.59,,,,,
06/12/2012,60.4,,,,,
07/12/2012,59.89,,,,,
10/12/2012,59.25,,,,,
11/12/2012,57.96,,,,,
12/12/2012,58.09,,,,,
13/12/2012,55.96,,,,,
14/12/2012,55.64,,,,,
17/12/2012,53.71,,,,,
18/12/2012,54.22,,,,,
19/12/2012,54.11,,,,,
20/12/2012,53.89,,,,,
21/12/2012,52.87,,,,,
24/12/2012,52.87,,,,,
25/12/2012,52.87,,,,,
26/12/2012,52.87,,,,,
27/12/2012,48.25,,,,,
28/12/2012,48.25,,,,,
31/12/2012,48.25,,,,,
01/01/2013,48.25,,,,,
02/01/2013,56.75,,,,,
03/01/2013,56.5,,,,,
04/01/2013,58,,,,,
07/01/2013,60,,,,,
08/01/2013,58.88,,,,,
09/01/2013,59.5,,,,,
10/01/2013,59.5,,,,,
11/01/2013,57.38,,,,,
14/01/2013,55.81,,,,,
15/01/2013,54.2,,,,,
16/01/2013,54.75,,,,,
17/01/2013,54.5,,,,,
18/01/2013,53.78,,,,,
21/01/2013,51.78,,,,,
22/01/2013,52.63,,,,,
23/01/2013,52.25,,,,,
24/01/2013,51,,,,,
25/01/2013,49.63,,,,,
28/01/2013,51.75,,,,,
29/01/2013,50.63,,,,,
30/01/2013,49.7,,,,,
31/01/2013,49.7,,,,,
01/02/2013,44.63,,,,,
04/02/2013,45.05,,,,,
05/02/2013,44.75,,,,,
06/02/2013,45.38,,,,,
07/02/2013,44.5,,,,,
08/02/2013,44.63,,,,,
11/02/2013,43,,,,,
12/02/2013,43.5,,,,,
13/02/2013,43.75,,,,,
14/02/2013,43.73,,,,,
15/02/2013,43.8,,,,,
18/02/2013,45.4,,,,,
19/02/2013,44.63,,,,,
20/02/2013,43.75,,,,,
21/02/2013,44.38,,,,,
22/02/2013,45.05,,,,,
25/02/2013,44.75,,,,,
26/02/2013,45.63,,,,,
27/02/2013,46.43,,,,,
28/02/2013,46.43,,,,,
01/03/2013,43.21,,,,,
04/03/2013,42.95,,,,,
05/03/2013,43.67,,,,,
06/03/2013,43.7,,,,,
07/03/2013,43.82,,,,,
08/03/2013,43.49,,,,,
11/03/2013,42.71,,,,,
12/03/2013,43.8,,,,,
13/03/2013,44.14,,,,,
14/03/2013,43.54,,,,,
15/03/2013,43.24,,,,,
18/03/2013,42.92,,,,,
19/03/2013,43.21,,,,,
20/03/2013,44.57,,,,,
21/03/2013,46.12,,,,,
22/03/2013,46,,,,,
25/03/2013,50.63,,,,,
26/03/2013,52.73,,,,,
27/03/2013,55.75,,,,,
28/03/2013,55.75,,,,,
29/03/2013,55.75,,,,,
01/04/2013,55.75,,,,,
02/04/2013,36.28,,,,,
03/04/2013,35.9,,,,,
04/04/2013,36.65,,,,,
05/04/2013,37,,,,,
08/04/2013,36.19,,,,,
09/04/2013,35.88,,,,,
10/04/2013,36.75,,,,,
11/04/2013,36.87,,,,,
12/04/2013,37.35,,,,,
15/04/2013,37.3,,,,,
16/04/2013,36.5,,,,,
17/04/2013,34.81,,,,,
18/04/2013,35,,,,,
19/04/2013,34.93,,,,,
22/04/2013,34.25,,,,,
23/04/2013,33.25,,,,,
24/04/2013,33.63,,,,,
25/04/2013,33.23,,,,,
26/04/2013,32.6,,,,,
29/04/2013,32.08,,,,,
30/04/2013,32.08,,,,,
01/05/2013,32.08,,,,,
02/05/2013,32.5,,,,,
03/05/2013,32.35,,,,,
06/05/2013,32.1,,,,,
07/05/2013,31.7,,,,,
08/05/2013,30.8,,,,,
09/05/2013,30.8,,,,,
10/05/2013,29.35,,,,,
13/05/2013,28.75,,,,,
14/05/2013,29,,,,,
15/05/2013,29.23,,,,,
16/05/2013,29.3,,,,,
17/05/2013,27.6,,,,,
20/05/2013,27.6,,,,,
21/05/2013,29.95,,,,,
22/05/2013,29.5,,,,,
23/05/2013,29.33,,,,,
24/05/2013,28.7,,,,,
27/05/2013,28.5,,,,,
28/05/2013,29.29,,,,,
29/05/2013,27.8,,,,,
30/05/2013,27.75,,,,,
31/05/2013,27.75,,,,,
03/06/2013,27.75,,,,,
04/06/2013,27.95,,,,,
05/06/2013,27.83,,,,,
06/06/2013,27.55,,,,,
07/06/2013,27.56,,,,,
10/06/2013,28.34,,,,,
11/06/2013,28.28,,,,,
12/06/2013,29.38,,,,,
13/06/2013,30,,,,,
14/06/2013,28.88,,,,,
17/06/2013,27.25,,,,,
18/06/2013,26.62,,,,,
19/06/2013,27.75,,,,,
20/06/2013,27.15,,,,,
21/06/2013,27.04,,,,,
24/06/2013,27.43,,,,,
25/06/2013,29.5,,,,,
26/06/2013,30.75,,,,,
27/06/2013,30.25,,,,,
28/06/2013,30.25,,,,,
01/07/2013,30,,,,,
02/07/2013,31.25,,,,,
03/07/2013,30.75,,,,,
04/07/2013,29.5,,,,,
05/07/2013,29.38,,,,,
08/07/2013,28.75,,,,,
09/07/2013,28,,,,,
10/07/2013,28.1,,,,,
11/07/2013,29.25,,,,,
12/07/2013,30.18,,,,,
15/07/2013,31.5,,,,,
16/07/2013,33.5,,,,,
17/07/2013,32.75,,,,,
18/07/2013,31.75,,,,,
19/07/2013,32,,,,,
22/07/2013,32.75,,,,,
23/07/2013,33.15,,,,,
24/07/2013,33.9,,,,,
25/07/2013,33.5,,,,,
26/07/2013,33.5,,,,,
29/07/2013,34.32,,,,,
30/07/2013,35.5,,,,,
31/07/2013,35.5,,,,,
01/08/2013,35.75,,,,,
02/08/2013,35.63,,,,,
05/08/2013,35.25,,,,,
06/08/2013,35.15,,,,,
07/08/2013,35.64,,,,,
08/08/2013,36,,,,,
09/08/2013,36.35,,,,,
12/08/2013,36,,,,,
13/08/2013,36.25,,,,,
14/08/2013,36.5,,,,,
15/08/2013,37.38,,,,,
16/08/2013,37.5,,,,,
19/08/2013,36.75,,,,,
20/08/2013,37.25,,,,,
21/08/2013,38.5,,,,,
22/08/2013,38.25,,,,,
23/08/2013,38.25,,,,,
26/08/2013,38.1,,,,,
27/08/2013,37.63,,,,,
28/08/2013,38.42,,,,,
29/08/2013,39.5,,,,,
30/08/2013,39.5,,,,,
02/09/2013,47.68,,,,,
03/09/2013,48,,,,,
04/09/2013,48,,,,,
05/09/2013,48.2,,,,,
06/09/2013,49,,,,,
09/09/2013,48.25,,,,,
10/09/2013,47.56,,,,,
11/09/2013,46.99,,,,,
12/09/2013,47.5,,,,,
13/09/2013,47.23,,,,,
16/09/2013,48.19,,,,,
17/09/2013,48.93,,,,,
18/09/2013,49,,,,,
19/09/2013,48.59,,,,,
20/09/2013,48,,,,,
23/09/2013,47.94,,,,,
24/09/2013,47.76,,,,,
25/09/2013,47.73,,,,,
26/09/2013,48.55,,,,,
27/09/2013,49.34,,,,,
30/09/2013,49.34,,,,,
01/10/2013,53.5,,,,,
02/10/2013,54.25,,,,,
03/10/2013,54.25,,,,,
04/10/2013,54.25,,,,,
07/10/2013,56.25,,,,,
08/10/2013,56.5,,,,,
09/10/2013,56.13,,,,,
10/10/2013,55.5,,,,,
11/10/2013,54.75,,,,,
14/10/2013,53.25,,,,,
15/10/2013,54,,,,,
16/10/2013,53.63,,,,,
17/10/2013,53.71,,,,,
18/10/2013,53.25,,,,,
21/10/2013,51.75,,,,,
22/10/2013,52.25,,,,,
23/10/2013,52,,,,,
24/10/2013,51.05,,,,,
25/10/2013,49.5,,,,,
28/10/2013,47.75,,,,,
29/10/2013,47.05,,,,,
30/10/2013,46.25,,,,,
31/10/2013,46.25,,,,,
01/11/2013,50.18,,,,,
04/11/2013,51.35,,,,,
05/11/2013,52.5,,,,,
06/11/2013,51.75,,,,,
07/11/2013,51.63,,,,,
08/11/2013,52,,,,,
11/11/2013,53.25,,,,,
12/11/2013,52.8,,,,,
13/11/2013,53.5,,,,,
14/11/2013,53.3,,,,,
15/11/2013,53.18,,,,,
18/11/2013,53.16,,,,,
19/11/2013,53.33,,,,,
20/11/2013,52,,,,,
21/11/2013,51.25,,,,,
22/11/2013,50.5,,,,,
25/11/2013,51,,,,,
26/11/2013,52.8,,,,,
27/11/2013,52.88,,,,,
28/11/2013,53.5,,,,,
29/11/2013,53.5,,,,,
02/12/2013,56.5,,,,,
03/12/2013,58.73,,,,,
04/12/2013,58.55,,,,,
05/12/2013,58.9,,,,,
06/12/2013,59.17,,,,,
09/12/2013,56.8,,,,,
10/12/2013,56.5,,,,,
11/12/2013,55.75,,,,,
12/12/2013,55.34,,,,,
13/12/2013,55.65,,,,,
16/12/2013,56.75,,,,,
17/12/2013,56.88,,,,,
18/12/2013,57.7,,,,,
19/12/2013,58.01,,,,,
20/12/2013,56.88,,,,,
23/12/2013,57.25,,,,,
24/12/2013,57.25,,,,,
25/12/2013,57.25,,,,,
26/12/2013,57.25,,,,,
27/12/2013,57.38,,,,,
30/12/2013,57.38,,,,,
31/12/2013,57.38,,,,,
01/01/2014,57.38,,,,,
02/01/2014,55.99,,,,,
03/01/2014,56.38,,,,,
06/01/2014,57.28,,,,,
07/01/2014,57.5,,,,,
08/01/2014,58.25,,,,,
09/01/2014,58.49,,,,,
10/01/2014,57.93,,,,,
13/01/2014,56.5,,,,,
14/01/2014,55.5,,,,,
15/01/2014,53.99,,,,,
16/01/2014,55.4,,,,,
17/01/2014,54.5,,,,,
20/01/2014,53.85,,,,,
21/01/2014,54,,,,,
22/01/2014,51.75,,,,,
23/01/2014,52.38,,,,,
24/01/2014,52.63,,,,,
27/01/2014,46.63,,,,,
28/01/2014,44.89,,,,,
29/01/2014,43.33,,,,,
30/01/2014,42,,,,,
31/01/2014,42,,,,,
03/02/2014,43.25,,,,,
04/02/2014,44.63,,,,,
05/02/2014,44.13,,,,,
06/02/2014,45.25,,,,,
07/02/2014,44.13,,,,,
10/02/2014,43.13,,,,,
11/02/2014,43.63,,,,,
12/02/2014,44,,,,,
13/02/2014,42.85,,,,,
14/02/2014,42.13,,,,,
17/02/2014,41.88,,,,,
18/02/2014,42.68,,,,,
19/02/2014,42.63,,,,,
20/02/2014,41.75,,,,,
21/02/2014,41.84,,,,,
24/02/2014,40.63,,,,,
25/02/2014,39.75,,,,,
26/02/2014,38,,,,,
27/02/2014,38.85,,,,,
28/02/2014,38.85,,,,,
03/03/2014,36.81,,,,,
04/03/2014,35.59,,,,,
05/03/2014,35.3,,,,,
06/03/2014,35.57,,,,,
07/03/2014,36.26,,,,,
10/03/2014,36.24,,,,,
11/03/2014,35.52,,,,,
12/03/2014,34.86,,,,,
13/03/2014,34.66,,,,,
14/03/2014,34.77,,,,,
17/03/2014,35.39,,,,,
18/03/2014,34.98,,,,,
19/03/2014,34.64,,,,,
20/03/2014,34.5,,,,,
21/03/2014,34.49,,,,,
24/03/2014,33.47,,,,,
25/03/2014,32.31,,,,,
26/03/2014,33.3,,,,,
27/03/2014,32.1,,,,,
28/03/2014,31.5,,,,,
31/03/2014,31.5,,,,,
01/04/2014,27.75,,,,,
02/04/2014,27.1,,,,,
03/04/2014,27.63,,,,,
04/04/2014,27.8,,,,,
07/04/2014,28.95,,,,,
08/04/2014,28.83,,,,,
09/04/2014,28.52,,,,,
10/04/2014,28.63,,,,,
11/04/2014,28.43,,,,,
14/04/2014,27.9,,,,,
15/04/2014,27.8,,,,,
16/04/2014,28.1,,,,,
17/04/2014,27.6,,,,,
18/04/2014,27.6,,,,,
21/04/2014,27.6,,,,,
22/04/2014,28.1,,,,,
23/04/2014,27.75,,,,,
24/04/2014,27.9,,,,,
25/04/2014,28.2,,,,,
28/04/2014,29.75,,,,,
29/04/2014,30.5,,,,,
30/04/2014,30.5,,,,,
01/05/2014,30.5,,,,,
02/05/2014,27.9,,,,,
05/05/2014,26.75,,,,,
06/05/2014,26.8,,,,,
07/05/2014,26.4,,,,,
08/05/2014,26.75,,,,,
09/05/2014,26.9,,,,,
12/05/2014,26.75,,,,,
13/05/2014,26.75,,,,,
14/05/2014,26.75,,,,,
15/05/2014,26.75,,,,,
16/05/2014,26.7,,,,,
19/05/2014,27.25,,,,,
20/05/2014,27.25,,,,,
21/05/2014,28,,,,,
22/05/2014,27.96,,,,,
23/05/2014,28.5,,,,,
26/05/2014,28.18,,,,,
27/05/2014,29.13,,,,,
28/05/2014,29.1,,,,,
29/05/2014,29.5,,,,,
30/05/2014,29.5,,,,,
02/06/2014,30.22,,,,,
03/06/2014,30.12,,,,,
04/06/2014,30.4,,,,,
05/06/2014,30.15,,,,,
06/06/2014,29.6,,,,,
09/06/2014,30.25,,,,,
10/06/2014,30.52,,,,,
11/06/2014,31.09,,,,,
12/06/2014,31.4,,,,,
13/06/2014,31.88,,,,,
16/06/2014,31.63,,,,,
17/06/2014,31.15,,,,,
18/06/2014,31.61,,,,,
19/06/2014,31.25,,,,,
20/06/2014,31.48,,,,,
23/06/2014,31.67,,,,,
24/06/2014,30.94,,,,,
25/06/2014,29.62,,,,,
26/06/2014,29.45,,,,,
27/06/2014,29.5,,,,,
30/06/2014,29.5,,,,,
01/07/2014,27.23,,,,,
02/07/2014,27.28,,,,,
03/07/2014,26.9,,,,,
04/07/2014,26,,,,,
07/07/2014,25.2,,,,,
08/07/2014,24.3,,,,,
09/07/2014,25.35,,,,,
10/07/2014,24.9,,,,,
11/07/2014,25.7,,,,,
14/07/2014,25.4,,,,,
15/07/2014,24.9,,,,,
16/07/2014,25.2,,,,,
17/07/2014,25,,,,,
18/07/2014,24.85,,,,,
21/07/2014,24.1,,,,,
22/07/2014,24,,,,,
23/07/2014,24.75,,,,,
24/07/2014,24.63,,,,,
25/07/2014,24.5,,,,,
28/07/2014,23.5,,,,,
29/07/2014,23.22,,,,,
30/07/2014,23.3,,,,,
31/07/2014,23.3,,,,,
01/08/2014,35.6,,,,,
04/08/2014,34.75,,,,,
05/08/2014,34.6,,,,,
06/08/2014,34.75,,,,,
07/08/2014,35.1,,,,,
08/08/2014,34.88,,,,,
11/08/2014,35.11,,,,,
12/08/2014,34.75,,,,,
13/08/2014,35.03,,,,,
14/08/2014,35.55,,,,,
15/08/2014,35.5,,,,,
18/08/2014,35.25,,,,,
19/08/2014,35.46,,,,,
20/08/2014,35.3,,,,,
21/08/2014,35.55,,,,,
22/08/2014,35.5,,,,,
25/08/2014,36.5,,,,,
26/08/2014,37.5,,,,,
27/08/2014,36.9,,,,,
28/08/2014,37.25,,,,,
29/08/2014,37.25,,,,,
01/09/2014,44.5,,,,,
02/09/2014,44.06,,,,,
03/09/2014,42.91,,,,,
04/09/2014,43.13,,,,,
05/09/2014,42.61,,,,,
08/09/2014,42.87,,,,,
09/09/2014,42.04,,,,,
10/09/2014,42,,,,,
11/09/2014,42.46,,,,,
12/09/2014,43.03,,,,,
15/09/2014,43.12,,,,,
16/09/2014,43.84,,,,,
17/09/2014,44.16,,,,,
18/09/2014,44.7,,,,,
19/09/2014,45.22,,,,,
22/09/2014,44.49,,,,,
23/09/2014,44.62,,,,,
24/09/2014,45.13,,,,,
25/09/2014,45.74,,,,,
26/09/2014,46.5,,,,,
29/09/2014,46.5,,,,,
30/09/2014,46.5,,,,,
01/10/2014,53.5,,,,,
02/10/2014,53.65,,,,,
03/10/2014,53.2,,,,,
06/10/2014,53.35,,,,,
07/10/2014,53.13,,,,,
08/10/2014,52.88,,,,,
09/10/2014,52.84,,,,,
10/10/2014,51.95,,,,,
13/10/2014,50,,,,,
14/10/2014,48,,,,,
15/10/2014,47.65,,,,,
16/10/2014,48.35,,,,,
17/10/2014,49.14,,,,,
20/10/2014,49.16,,,,,
21/10/2014,47.5,,,,,
22/10/2014,48.13,,,,,
23/10/2014,47.25,,,,,
24/10/2014,46.83,,,,,
27/10/2014,45.85,,,,,
28/10/2014,45,,,,,
29/10/2014,45.73,,,,,
30/10/2014,45.98,,,,,
31/10/2014,45.98,,,,,
03/11/2014,48.66,,,,,
04/11/2014,47.35,,,,,
05/11/2014,47.5,,,,,
06/11/2014,47.75,,,,,
07/11/2014,48.25,,,,,
10/11/2014,48.05,,,,,
11/11/2014,46.93,,,,,
12/11/2014,46.45,,,,,
13/11/2014,45.4,,,,,
14/11/2014,44.13,,,,,
17/11/2014,45.3,,,,,
18/11/2014,44.89,,,,,
19/11/2014,44.15,,,,,
20/11/2014,43.35,,,,,
21/11/2014,43.13,,,,,
24/11/2014,45.63,,,,,
25/11/2014,47.45,,,,,
26/11/2014,50,,,,,
27/11/2014,48,,,,,
28/11/2014,48,,,,,
01/12/2014,51.54,,,,,
02/12/2014,50.72,,,,,
03/12/2014,50.7,,,,,
04/12/2014,50.39,,,,,
05/12/2014,50.07,,,,,
08/12/2014,47.91,,,,,
09/12/2014,47.25,,,,,
10/12/2014,47.98,,,,,
11/12/2014,47.49,,,,,
12/12/2014,47.82,,,,,
15/12/2014,47.23,,,,,
16/12/2014,48.13,,,,,
17/12/2014,48.76,,,,,
18/12/2014,48.9,,,,,
19/12/2014,49.03,,,,,
22/12/2014,47.35,,,,,
23/12/2014,47.59,,,,,
24/12/2014,47.59,,,,,
25/12/2014,47.59,,,,,
26/12/2014,47.59,,,,,
29/12/2014,40.5,,,,,
30/12/2014,39.36,,,,,
31/12/2014,39.36,,,,,
01/01/2015,39.36,,,,,
02/01/2015,47.4,,,,,
05/01/2015,45.94,,,,,
06/01/2015,45,,,,,
07/01/2015,44.63,,,,,
08/01/2015,44.33,,,,,
09/01/2015,44.8,,,,,
12/01/2015,43.5,,,,,
13/01/2015,45,,,,,
14/01/2015,45.31,,,,,
15/01/2015,45.2,,,,,
16/01/2015,42.85,,,,,
19/01/2015,41.52,,,,,
20/01/2015,40.5,,,,,
21/01/2015,41.33,,,,,
22/01/2015,41.2,,,,,
23/01/2015,41.85,,,,,
26/01/2015,42.3,,,,,
27/01/2015,43.29,,,,,
28/01/2015,44.1,,,,,
29/01/2015,47.75,,,,,
30/01/2015,47.75,,,,,
02/02/2015,40.56,,,,,
03/02/2015,39,,,,,
04/02/2015,38.5,,,,,
05/02/2015,40.1,,,,,
06/02/2015,40.3,,,,,
09/02/2015,39.93,,,,,
10/02/2015,42.08,,,,,
11/02/2015,43.01,,,,,
12/02/2015,45.05,,,,,
13/02/2015,45.35,,,,,
16/02/2015,43.48,,,,,
17/02/2015,41.85,,,,,
18/02/2015,42.32,,,,,
19/02/2015,41.5,,,,,
20/02/2015,42.45,,,,,
23/02/2015,41.7,,,,,
24/02/2015,42.63,,,,,
25/02/2015,44.65,,,,,
26/02/2015,45.78,,,,,
27/02/2015,45.78,,,,,
02/03/2015,37.72,,,,,
03/03/2015,37.43,,,,,
04/03/2015,37.01,,,,,
05/03/2015,36.22,,,,,
06/03/2015,36.4,,,,,
09/03/2015,37.05,,,,,
10/03/2015,37.5,,,,,
11/03/2015,38.71,,,,,
12/03/2015,38.19,,,,,
13/03/2015,37.66,,,,,
16/03/2015,37.65,,,,,
17/03/2015,37.63,,,,,
18/03/2015,38.18,,,,,
19/03/2015,38.14,,,,,
20/03/2015,38.89,,,,,
23/03/2015,38.86,,,,,
24/03/2015,40.1,,,,,
25/03/2015,40,,,,,
26/03/2015,39.65,,,,,
27/03/2015,40.79,,,,,
30/03/2015,43.25,,,,,
31/03/2015,43.25,,,,,
01/04/2015,31.5,,,,,
02/04/2015,31.75,,,,,
03/04/2015,31.75,,,,,
06/04/2015,31.75,,,,,
07/04/2015,31.18,,,,,
08/04/2015,31.68,,,,,
09/04/2015,31.98,,,,,
10/04/2015,32.33,,,,,
13/04/2015,33.33,,,,,
14/04/2015,33.12,,,,,
15/04/2015,32.94,,,,,
16/04/2015,32.6,,,,,
17/04/2015,31.4,,,,,
20/04/2015,31.19,,,,,
21/04/2015,30.97,,,,,
22/04/2015,30,,,,,
23/04/2015,30.13,,,,,
24/04/2015,30.1,,,,,
27/04/2015,29.4,,,,,
28/04/2015,28.46,,,,,
29/04/2015,28.54,,,,,
30/04/2015,28.54,,,,,
01/05/2015,28.54,,,,,
04/05/2015,29.38,,,,,
05/05/2015,29.48,,,,,
06/05/2015,28.95,,,,,
07/05/2015,29.13,,,,,
08/05/2015,29.5,,,,,
11/05/2015,28.83,,,,,
12/05/2015,28.71,,,,,
13/05/2015,28.94,,,,,
14/05/2015,28.75,,,,,
15/05/2015,29.23,,,,,
18/05/2015,28.49,,,,,
19/05/2015,28.6,,,,,
20/05/2015,28.6,,,,,
21/05/2015,28,,,,,
22/05/2015,27.8,,,,,
25/05/2015,27.8,,,,,
26/05/2015,28.15,,,,,
27/05/2015,28.1,,,,,
28/05/2015,28.88,,,,,
29/05/2015,28.88,,,,,
01/06/2015,28.97,,,,,
02/06/2015,29.53,,,,,
03/06/2015,28.65,,,,,
04/06/2015,29.3,,,,,
05/06/2015,29.1,,,,,
08/06/2015,28.84,,,,,
09/06/2015,28,,,,,
10/06/2015,28.03,,,,,
11/06/2015,28.31,,,,,
12/06/2015,29.16,,,,,
15/06/2015,29.25,,,,,
16/06/2015,28.81,,,,,
17/06/2015,29.28,,,,,
18/06/2015,29.62,,,,,
19/06/2015,29.84,,,,,
22/06/2015,31.36,,,,,
23/06/2015,31.28,,,,,
24/06/2015,31.66,,,,,
25/06/2015,33.1,,,,,
26/06/2015,35.54,,,,,
29/06/2015,36.69,,,,,
30/06/2015,36.69,,,,,
01/07/2015,30.41,,,,,
02/07/2015,29.65,,,,,
03/07/2015,29.05,,,,,
06/07/2015,27.54,,,,,
07/07/2015,26.84,,,,,
08/07/2015,26.78,,,,,
09/07/2015,27.19,,,,,
10/07/2015,27.48,,,,,
13/07/2015,29.13,,,,,
14/07/2015,29.21,,,,,
15/07/2015,29.09,,,,,
16/07/2015,29.16,,,,,
17/07/2015,29.75,,,,,
20/07/2015,30.8,,,,,
21/07/2015,30.58,,,,,
22/07/2015,30.7,,,,,
23/07/2015,31.78,,,,,
24/07/2015,31.72,,,,,
27/07/2015,29.93,,,,,
28/07/2015,29.25,,,,,
29/07/2015,29.21,,,,,
30/07/2015,29.6,,,,,
31/07/2015,29.6,,,,,
03/08/2015,38,,,,,
04/08/2015,38.68,,,,,
05/08/2015,38.5,,,,,
06/08/2015,38.05,,,,,
07/08/2015,38.2,,,,,
10/08/2015,37.68,,,,,
11/08/2015,37.88,,,,,
12/08/2015,37.38,,,,,
13/08/2015,37.75,,,,,
14/08/2015,38.35,,,,,
17/08/2015,38.47,,,,,
18/08/2015,38.28,,,,,
19/08/2015,38.13,,,,,
20/08/2015,37.55,,,,,
21/08/2015,37.52,,,,,
24/08/2015,37.16,,,,,
25/08/2015,36.81,,,,,
26/08/2015,37.15,,,,,
27/08/2015,36.6,,,,,
28/08/2015,36.6,,,,,
31/08/2015,36.6,,,,,
01/09/2015,40.46,,,,,
02/09/2015,40.13,,,,,
03/09/2015,40.33,,,,,
04/09/2015,40.32,,,,,
07/09/2015,39.99,,,,,
08/09/2015,39.79,,,,,
09/09/2015,39.92,,,,,
10/09/2015,40,,,,,
11/09/2015,39.76,,,,,
14/09/2015,40.5,,,,,
15/09/2015,41.25,,,,,
16/09/2015,41.5,,,,,
17/09/2015,41.75,,,,,
18/09/2015,40.82,,,,,
21/09/2015,40.3,,,,,
22/09/2015,40.97,,,,,
23/09/2015,41.29,,,,,
24/09/2015,40.64,,,,,
25/09/2015,41.3,,,,,
28/09/2015,39.85,,,,,
29/09/2015,39,,,,,
30/09/2015,39,,,,,
01/10/2015,41.8,,,,,
02/10/2015,41.2,,,,,
05/10/2015,42.5,,,,,
06/10/2015,42.25,,,,,
07/10/2015,42.44,,,,,
08/10/2015,42.85,,,,,
09/10/2015,42.32,,,,,
12/10/2015,42.01,,,,,
13/10/2015,40.88,,,,,
14/10/2015,40.35,,,,,
15/10/2015,40.43,,,,,
16/10/2015,40.41,,,,,
19/10/2015,41.24,,,,,
20/10/2015,40.63,,,,,
21/10/2015,40.7,,,,,
22/10/2015,40.79,,,,,
23/10/2015,41.76,,,,,
26/10/2015,41.85,,,,,
27/10/2015,43.58,,,,,
28/10/2015,43.44,,,,,
29/10/2015,43.8,,,,,
30/10/2015,43.8,,,,,
02/11/2015,41.57,,,,,
03/11/2015,41.55,,,,,
04/11/2015,41.57,,,,,
05/11/2015,41.44,,,,,
06/11/2015,42.08,,,,,
09/11/2015,40.9,,,,,
10/11/2015,40.5,,,,,
11/11/2015,40.35,,,,,
12/11/2015,39.9,,,,,
13/11/2015,40.33,,,,,
16/11/2015,41.71,,,,,
17/11/2015,41.05,,,,,
18/11/2015,40.7,,,,,
19/11/2015,40.5,,,,,
20/11/2015,39.3,,,,,
23/11/2015,38.6,,,,,
24/11/2015,39.6,,,,,
25/11/2015,40.58,,,,,
26/11/2015,40.48,,,,,
27/11/2015,40,,,,,
30/11/2015,40,,,,,
01/12/2015,41.25,,,,,
02/12/2015,41.4,,,,,
03/12/2015,40.88,,,,,
04/12/2015,40.2,,,,,
07/12/2015,39.17,,,,,
08/12/2015,38.17,,,,,
09/12/2015,38.09,,,,,
10/12/2015,38.25,,,,,
11/12/2015,37.15,,,,,
14/12/2015,36.43,,,,,
15/12/2015,36.59,,,,,
16/12/2015,37.04,,,,,
17/12/2015,36.71,,,,,
18/12/2015,36.58,,,,,
21/12/2015,36.39,,,,,
22/12/2015,36.6,,,,,
23/12/2015,36.45,,,,,
24/12/2015,36.45,,,,,
25/12/2015,36.45,,,,,
28/12/2015,37.7,,,,,
29/12/2015,38.75,,,,,
30/12/2015,38.05,,,,,
31/12/2015,38.05,,,,,
01/01/2016,38.05,,,,,
04/01/2016,39.64,,,,,
05/01/2016,39.19,,,,,
06/01/2016,40,,,,,
07/01/2016,40.73,,,,,
08/01/2016,37.97,,,,,
11/01/2016,38.16,,,,,
12/01/2016,36.7,,,,,
13/01/2016,37.15,,,,,
14/01/2016,36.8,,,,,
15/01/2016,36,,,,,
18/01/2016,35.55,,,,,
19/01/2016,36.34,,,,,
20/01/2016,36,,,,,
21/01/2016,34.05,,,,,
22/01/2016,35.13,,,,,
25/01/2016,32.88,,,,,
26/01/2016,32.5,,,,,
27/01/2016,33.63,,,,,
28/01/2016,34,,,,,
29/01/2016,34,,,,,
01/02/2016,31.01,,,,,
02/02/2016,28.78,,,,,
03/02/2016,29.19,,,,,
04/02/2016,28.15,,,,,
05/02/2016,26.77,,,,,
08/02/2016,26.95,,,,,
09/02/2016,27,,,,,
10/02/2016,25.65,,,,,
11/02/2016,25.53,,,,,
12/02/2016,25.98,,,,,
15/02/2016,25.13,,,,,
16/02/2016,25,,,,,
17/02/2016,25.25,,,,,
18/02/2016,26.43,,,,,
19/02/2016,26.54,,,,,
22/02/2016,27.41,,,,,
23/02/2016,27.03,,,,,
24/02/2016,26.23,,,,,
25/02/2016,25.6,,,,,
26/02/2016,25.51,,,,,
29/02/2016,25.51,,,,,
01/03/2016,25.34,,,,,
02/03/2016,25.25,,,,,
03/03/2016,24.7,,,,,
04/03/2016,24.78,,,,,
07/03/2016,25.14,,,,,
08/03/2016,25.39,,,,,
09/03/2016,25.66,,,,,
10/03/2016,25.54,,,,,
11/03/2016,25.94,,,,,
14/03/2016,26.3,,,,,
15/03/2016,26.42,,,,,
16/03/2016,26.37,,,,,
17/03/2016,26.16,,,,,
18/03/2016,26.22,,,,,
21/03/2016,26.04,,,,,
22/03/2016,26.23,,,,,
23/03/2016,26,,,,,
24/03/2016,25.85,,,,,
25/03/2016,25.85,,,,,
28/03/2016,25.85,,,,,
29/03/2016,26.2,,,,,
30/03/2016,26.16,,,,,
31/03/2016,26.16,,,,,
01/04/2016,22.5,,,,,
04/04/2016,22.08,,,,,
05/04/2016,21.76,,,,,
06/04/2016,21.38,,,,,
07/04/2016,21.23,,,,,
08/04/2016,21.35,,,,,
11/04/2016,21.58,,,,,
12/04/2016,21.55,,,,,
13/04/2016,21.61,,,,,
14/04/2016,21.54,,,,,
15/04/2016,21.88,,,,,
18/04/2016,22.6,,,,,
19/04/2016,22.39,,,,,
20/04/2016,22.35,,,,,
21/04/2016,23.28,,,,,
22/04/2016,23.89,,,,,
25/04/2016,24.04,,,,,
26/04/2016,24.89,,,,,
27/04/2016,24.6,,,,,
28/04/2016,23.63,,,,,
29/04/2016,23.63,,,,,
02/05/2016,22.25,,,,,
03/05/2016,22.25,,,,,
04/05/2016,22.5,,,,,
05/05/2016,23,,,,,
06/05/2016,22.6,,,,,
09/05/2016,23.03,,,,,
10/05/2016,22.95,,,,,
11/05/2016,23.18,,,,,
12/05/2016,23.52,,,,,
13/05/2016,23.16,,,,,
16/05/2016,24.43,,,,,
17/05/2016,24.55,,,,,
18/05/2016,24.7,,,,,
19/05/2016,24.75,,,,,
20/05/2016,24.51,,,,,
23/05/2016,24.2,,,,,
24/05/2016,24.4,,,,,
25/05/2016,25.05,,,,,
26/05/2016,25.61,,,,,
27/05/2016,25.85,,,,,
30/05/2016,25.78,,,,,
31/05/2016,25.78,,,,,
01/06/2016,25.32,,,,,
02/06/2016,25.67,,,,,
03/06/2016,26.45,,,,,
06/06/2016,26.7,,,,,
07/06/2016,27.07,,,,,
08/06/2016,26.35,,,,,
09/06/2016,26.05,,,,,
10/06/2016,25.9,,,,,
13/06/2016,25.94,,,,,
14/06/2016,25.95,,,,,
15/06/2016,26.35,,,,,
16/06/2016,27.02,,,,,
17/06/2016,27.79,,,,,
20/06/2016,28.72,,,,,
21/06/2016,27.75,,,,,
22/06/2016,28.37,,,,,
23/06/2016,28.28,,,,,
24/06/2016,28.04,,,,,
27/06/2016,27.5,,,,,
28/06/2016,26.64,,,,,
29/06/2016,26.28,,,,,
30/06/2016,26.28,,,,,
01/07/2016,26.25,,,,,
04/07/2016,26.75,,,,,
05/07/2016,26.38,,,,,
06/07/2016,26.79,,,,,
07/07/2016,27.33,,,,,
08/07/2016,27.08,,,,,
11/07/2016,27.55,,,,,
12/07/2016,27.95,,,,,
13/07/2016,28.53,,,,,
14/07/2016,28.45,,,,,
15/07/2016,28.25,,,,,
18/07/2016,29.13,,,,,
19/07/2016,28.9,,,,,
20/07/2016,29.58,,,,,
21/07/2016,29.75,,,,,
22/07/2016,31.05,,,,,
25/07/2016,29.25,,,,,
26/07/2016,29.28,,,,,
27/07/2016,29.85,,,,,
28/07/2016,29.25,,,,,
29/07/2016,29.25,,,,,
01/08/2016,33.4,,,,,
02/08/2016,33.08,,,,,
03/08/2016,32.63,,,,,
04/08/2016,32.77,,,,,
05/08/2016,32.93,,,,,
08/08/2016,32.97,,,,,
09/08/2016,33,,,,,
10/08/2016,32.63,,,,,
11/08/2016,32.72,,,,,
12/08/2016,33.05,,,,,
15/08/2016,32.7,,,,,
16/08/2016,33.25,,,,,
17/08/2016,33.6,,,,,
18/08/2016,34.33,,,,,
19/08/2016,33.53,,,,,
22/08/2016,33.36,,,,,
23/08/2016,33.66,,,,,
24/08/2016,33.64,,,,,
25/08/2016,33.48,,,,,
26/08/2016,33.87,,,,,
29/08/2016,34.75,,,,,
30/08/2016,34.61,,,,,
31/08/2016,34.61,,,,,
01/09/2016,36.59,,,,,
02/09/2016,36.45,,,,,
05/09/2016,36.7,,,,,
06/09/2016,35.7,,,,,
07/09/2016,35.4,,,,,
08/09/2016,35.25,,,,,
09/09/2016,35.5,,,,,
12/09/2016,35.46,,,,,
13/09/2016,35.88,,,,,
14/09/2016,35.55,,,,,
15/09/2016,36.82,,,,,
16/09/2016,38.28,,,,,
19/09/2016,38.59,,,,,
20/09/2016,38.48,,,,,
21/09/2016,39.3,,,,,
22/09/2016,40.54,,,,,
23/09/2016,40.66,,,,,
26/09/2016,41.1,,,,,
27/09/2016,40.73,,,,,
28/09/2016,42.99,,,,,
29/09/2016,44.4,,,,,
30/09/2016,44.4,,,,,
03/10/2016,56,,,,,
04/10/2016,55.79,,,,,
05/10/2016,58.78,,,,,
06/10/2016,65.75,,,,,
07/10/2016,62.8,,,,,
10/10/2016,60.27,,,,,
11/10/2016,60.21,,,,,
12/10/2016,58.91,,,,,
13/10/2016,61.16,,,,,
14/10/2016,61.04,,,,,
17/10/2016,62.6,,,,,
18/10/2016,67.42,,,,,
19/10/2016,74.36,,,,,
20/10/2016,76.38,,,,,
21/10/2016,70,,,,,
24/10/2016,76.1,,,,,
25/10/2016,81.19,,,,,
26/10/2016,81.19,,,,,
27/10/2016,81.19,,,,,
28/10/2016,87.14,,,,,
31/10/2016,87.14,,,,,
01/11/2016,103.75,,,,,
02/11/2016,116.83,,,,,
03/11/2016,138,,,,,
04/11/2016,133.88,,,,,
07/11/2016,112.73,,,,,
08/11/2016,97.88,,,,,
09/11/2016,95,,,,,
10/11/2016,102,,,,,
11/11/2016,111,,,,,
14/11/2016,111.31,,,,,
15/11/2016,112.36,,,,,
16/11/2016,110,,,,,
17/11/2016,112.17,,,,,
18/11/2016,107.33,,,,,
21/11/2016,107.33,,,,,
22/11/2016,80.7,,,,,
23/11/2016,77.48,,,,,
24/11/2016,76.5,,,,,
25/11/2016,76.25,,,,,
28/11/2016,83.5,,,,,
29/11/2016,84.15,,,,,
30/11/2016,84.15,,,,,
01/12/2016,91.31,,,,,
02/12/2016,81,,,,,
05/12/2016,64.47,,,,,
06/12/2016,57.52,,,,,
07/12/2016,58.12,,,,,
08/12/2016,55.42,,,,,
09/12/2016,56.69,,,,,
12/12/2016,57.26,,,,,
13/12/2016,54.76,,,,,
14/12/2016,53.65,,,,,
15/12/2016,54.12,,,,,
16/12/2016,59.25,,,,,
19/12/2016,56.27,,,,,
20/12/2016,57.17,,,,,
21/12/2016,55.85,,,,,
22/12/2016,55.56,,,,,
23/12/2016,56.07,,,,,
26/12/2016,56.07,,,,,
27/12/2016,63.25,,,,,
28/12/2016,63.25,,,,,
29/12/2016,65.01,,,,,
30/12/2016,65.01,,,,,
02/01/2017,54.88,,,,,
03/01/2017,54.92,,,,,
04/01/2017,55.15,,,,,
05/01/2017,54.02,,,,,
06/01/2017,54,,,,,
09/01/2017,56.96,,,,,
10/01/2017,63.95,,,,,
11/01/2017,66.4,,,,,
12/01/2017,66.45,,,,,
13/01/2017,63.78,,,,,
16/01/2017,58.3,,,,,
17/01/2017,60,,,,,
18/01/2017,60.13,,,,,
19/01/2017,60.7,,,,,
20/01/2017,63.25,,,,,
23/01/2017,64.4,,,,,
24/01/2017,60.31,,,,,
25/01/2017,57.34,,,,,
26/01/2017,54.64,,,,,
27/01/2017,52.75,,,,,
30/01/2017,57.8,,,,,
31/01/2017,57.8,,,,,
01/02/2017,53.84,,,,,
02/02/2017,55.35,,,,,
03/02/2017,55.5,,,,,
06/02/2017,53.24,,,,,
07/02/2017,50.75,,,,,
08/02/2017,49.63,,,,,
09/02/2017,49.91,,,,,
10/02/2017,47.65,,,,,
13/02/2017,45.75,,,,,
14/02/2017,45.28,,,,,
15/02/2017,46.15,,,,,
16/02/2017,46.41,,,,,
17/02/2017,44.92,,,,,
20/02/2017,46,,,,,
21/02/2017,45.93,,,,,
22/02/2017,45.1,,,,,
23/02/2017,44.6,,,,,
24/02/2017,43.17,,,,,
27/02/2017,41.42,,,,,
28/02/2017,41.42,,,,,
01/03/2017,35.77,,,,,
02/03/2017,35.22,,,,,
03/03/2017,34.79,,,,,
06/03/2017,33.12,,,,,
07/03/2017,33.58,,,,,
08/03/2017,32.53,,,,,
09/03/2017,31.99,,,,,
10/03/2017,31.8,,,,,
13/03/2017,31.13,,,,,
14/03/2017,31.15,,,,,
15/03/2017,31.79,,,,,
16/03/2017,31.68,,,,,
17/03/2017,31.98,,,,,
20/03/2017,31.85,,,,,
21/03/2017,31.05,,,,,
22/03/2017,30.39,,,,,
23/03/2017,30.5,,,,,
24/03/2017,30.52,,,,,
27/03/2017,30.05,,,,,
28/03/2017,30.22,,,,,
29/03/2017,31.1,,,,,
30/03/2017,31.53,,,,,
31/03/2017,31.53,,,,,
03/04/2017,32.8,,,,,
04/04/2017,33.24,,,,,
05/04/2017,33.78,,,,,
06/04/2017,34.13,,,,,
07/04/2017,33.98,,,,,
10/04/2017,33.33,,,,,
11/04/2017,32.55,,,,,
12/04/2017,32.83,,,,,
13/04/2017,33.45,,,,,
14/04/2017,33.45,,,,,
17/04/2017,33.45,,,,,
18/04/2017,33.55,,,,,
19/04/2017,33.68,,,,,
20/04/2017,33.69,,,,,
21/04/2017,33.75,,,,,
24/04/2017,32.92,,,,,
25/04/2017,32.51,,,,,
26/04/2017,32.95,,,,,
27/04/2017,33.41,,,,,
28/04/2017,33.41,,,,,
01/05/2017,33.41,,,,,
02/05/2017,34.35,,,,,
03/05/2017,34.38,,,,,
04/05/2017,33.81,,,,,
05/05/2017,33.18,,,,,
08/05/2017,33,,,,,
09/05/2017,32.6,,,,,
10/05/2017,32.73,,,,,
11/05/2017,32.61,,,,,
12/05/2017,32.33,,,,,
15/05/2017,31.6,,,,,
16/05/2017,31.33,,,,,
17/05/2017,32,,,,,
18/05/2017,32.59,,,,,
19/05/2017,32.99,,,,,
22/05/2017,34.75,,,,,
23/05/2017,35.23,,,,,
24/05/2017,35.62,,,,,
25/05/2017,34.78,,,,,
26/05/2017,34.31,,,,,
29/05/2017,33.88,,,,,
30/05/2017,34.55,,,,,
31/05/2017,34.55,,,,,
01/06/2017,35.21,,,,,
02/06/2017,35.12,,,,,
05/06/2017,34.91,,,,,
06/06/2017,33.98,,,,,
07/06/2017,34.35,,,,,
08/06/2017,35.1,,,,,
09/06/2017,35.74,,,,,
12/06/2017,34.98,,,,,
13/06/2017,35,,,,,
14/06/2017,34.78,,,,,
15/06/2017,35.32,,,,,
16/06/2017,35.3,,,,,
19/06/2017,34.79,,,,,
20/06/2017,35.01,,,,,
21/06/2017,35.12,,,,,
22/06/2017,34.35,,,,,
23/06/2017,33.18,,,,,
26/06/2017,33.43,,,,,
27/06/2017,32.9,,,,,
28/06/2017,33.5,,,,,
29/06/2017,34.35,,,,,
30/06/2017,34.35,,,,,
03/07/2017,32.59,,,,,
04/07/2017,32.59,,,,,
05/07/2017,32.43,,,,,
06/07/2017,32.69,,,,,
07/07/2017,33.21,,,,,
10/07/2017,33.76,,,,,
11/07/2017,33.31,,,,,
12/07/2017,33.35,,,,,
13/07/2017,33.64,,,,,
14/07/2017,33.08,,,,,
17/07/2017,32.42,,,,,
18/07/2017,32.1,,,,,
19/07/2017,32.29,,,,,
20/07/2017,32.5,,,,,
21/07/2017,32.24,,,,,
24/07/2017,31.65,,,,,
25/07/2017,31.5,,,,,
26/07/2017,31.58,,,,,
27/07/2017,31.15,,,,,
28/07/2017,31.06,,,,,
31/07/2017,31.06,,,,,
01/08/2017,34.18,,,,,
02/08/2017,34.43,,,,,
03/08/2017,34.76,,,,,
04/08/2017,34.77,,,,,
07/08/2017,35.05,,,,,
08/08/2017,34.54,,,,,
09/08/2017,34.9,,,,,
10/08/2017,35.19,,,,,
11/08/2017,35.32,,,,,
14/08/2017,35.55,,,,,
15/08/2017,35.23,,,,,
16/08/2017,35.89,,,,,
17/08/2017,36.1,,,,,
18/08/2017,36.37,,,,,
21/08/2017,35.97,,,,,
22/08/2017,35.97,,,,,
23/08/2017,36.51,,,,,
24/08/2017,37.13,,,,,
25/08/2017,37.48,,,,,
28/08/2017,37.85,,,,,
29/08/2017,37.46,,,,,
30/08/2017,37.1,,,,,
31/08/2017,37.1,,,,,
01/09/2017,43.86,,,,,
04/09/2017,43.9,,,,,
05/09/2017,44.59,,,,,
06/09/2017,44.58,,,,,
07/09/2017,44.37,,,,,
08/09/2017,44.98,,,,,
11/09/2017,44.97,,,,,
12/09/2017,44.25,,,,,
13/09/2017,45.12,,,,,
14/09/2017,46.28,,,,,
15/09/2017,45.89,,,,,
18/09/2017,46.78,,,,,
19/09/2017,47,,,,,
20/09/2017,45.26,,,,,
21/09/2017,44.41,,,,,
22/09/2017,44.43,,,,,
25/09/2017,45,,,,,
26/09/2017,44,,,,,
27/09/2017,43.44,,,,,
28/09/2017,49.25,,,,,
29/09/2017,49.25,,,,,
02/10/2017,58.9,,,,,
03/10/2017,60.34,,,,,
04/10/2017,60.95,,,,,
05/10/2017,64.43,,,,,
06/10/2017,65.61,,,,,
09/10/2017,66.77,,,,,
10/10/2017,69.6,,,,,
11/10/2017,73.89,,,,,
12/10/2017,70.53,,,,,
13/10/2017,71.35,,,,,
16/10/2017,67.44,,,,,
,,,,,,
,,,,,,
,,,,,,
,,,,,,
,,,,,,
,,,,,,
,,,,,,
,,,,,,
,,,,,,
,,,,,,
,,,,,,
,,,,,,
,,,,,,
,,,,,,
,,,,,,
,,,,,,
,,,,,,
,,,,,,
,,,,,,
,,,,,,
,,,,,,
,,,,,,
,,,,,,
,,,,,,
,,,,,,
,,,,,,
,,,,,,
,,,,,,
,,,,,,
,,,,,,
,,,,,,
,,,,,,
,,,,,,
,,,,,,
,,,,,,
,,,,,,
,,,,,,
,,,,,,
,,,,,,
,,,,,,
,,,,,,
,,,,,,
,,,,,,
,,,,,,
,,,,,,
,,,,,,
,,,,,,
,,,,,,
,,,,,,
,,,,,,
,,,,,,
,,,,,,
,,,,,,
,,,,,,
,,,,,,
,,,,,,
,,,,,,
,,,,,,
,,,,,,
,,,,,,
,,,,,,
,,,,,,
,,,,,,
,,,,,,
,,,,,,
,,,,,,
,,,,,,
,,,,,,
,,,,,,
,,,,,,
,,,,,,
,,,,,,
,,,,,,
,,,,,,
,,,,,,
,,,,,,
,,,,,,
,,,,,,
,,,,,,
,,,,,,
,,,,,,
,,,,,,
,,,,,,
,,,,,,
,,,,,,
,,,,,,
,,,,,,
,,,,,,
,,,,,,
,,,,,,
,,,,,,
,,,,,,
,,,,,,
,,,,,,
,,,,,,
,,,,,,
,,,,,,
,,,,,,
,,,,,,
,,,,,,
,,,,,,
,,,,,,
,,,,,,
,,,,,,
,,,,,,
,,,,,,
,,,,,,
,,,,,,
,,,,,,
,,,,,,
,,,,,,
,,,,,,
,,,,,,
,,,,,,
,,,,,,
,,,,,,
,,,,,,
,,,,,,
,,,,,,
,,,,,,
,,,,,,
,,,,,,
,,,,,,
,,,,,,
,,,,,,
,,,,,,
,,,,,,
,,,,,,
,,,,,,
,,,,,,
,,,,,,
,,,,,,
,,,,,,
,,,,,,
,,,,,,
,,,,,,
,,,,,,
,,,,,,
,,,,,,
,,,,,,
,,,,,,
,,,,,,
,,,,,,
,,,,,,
,,,,,,
,,,,,,
,,,,,,
,,,,,,
,,,,,,
,,,,,,
,,,,,,
,,,,,,
,,,,,,
,,,,,,
,,,,,,
,,,,,,
,,,,,,
,,,,,,
,,,,,,
,,,,,,
,,,,,,
,,,,,,
,,,,,,
,,,,,,
,,,,,,
,,,,,,
,,,,,,
,,,,,,
,,,,,,
,,,,,,
,,,,,,
,,,,,,
,,,,,,
,,,,,,
,,,,,,
,,,,,,
,,,,,,
,,,,,,
,,,,,,
,,,,,,
,,,,,,
,,,,,,
,,,,,,
,,,,,,
,,,,,,
,,,,,,
,,,,,,
,,,,,,
,,,,,,
,,,,,,
,,,,,,
,,,,,,
,,,,,,
,,,,,,
,,,,,,
,,,,,,
,,,,,,
,,,,,,
,,,,,,
,,,,,,
,,,,,,
,,,,,,
,,,,,,
,,,,,,
,,,,,,
,,,,,,
,,,,,,
,,,,,,
,,,,,,
,,,,,,
,,,,,,
,,,,,,
,,,,,,
,,,,,,
,,,,,,
,,,,,,
,,,,,,
,,,,,,
,,,,,,
,,,,,,
,,,,,,
,,,,,,
,,,,,,
,,,,,,
,,,,,,
,,,,,,
,,,,,,
,,,,,,
,,,,,,
,,,,,,
,,,,,,
,,,,,,
,,,,,,
,,,,,,
,,,,,,
,,,,,,
,,,,,,
,,,,,,
,,,,,,
,,,,,,
,,,,,,
,,,,,,
,,,,,,
,,,,,,
,,,,,,
,,,,,,
,,,,,,
,,,,,,
,,,,,,
,,,,,,
,,,,,,
,,,,,,
,,,,,,
,,,,,,
,,,,,,
,,,,,,
,,,,,,
,,,,,,
,,,,,,
,,,,,,
,,,,,,
,,,,,,
,,,,,,
,,,,,,
,,,,,,
,,,,,,
,,,,,,
,,,,,,
,,,,,,
,,,,,,
,,,,,,
,,,,,,
,,,,,,
,,,,,,
,,,,,,
,,,,,,
,,,,,,
,,,,,,
,,,,,,
,,,,,,
,,,,,,
,,,,,,
,,,,,,
,,,,,,
,,,,,,
,,,,,,
,,,,,,
,,,,,,
,,,,,,
,,,,,,
,,,,,,
,,,,,,
,,,,,,
,,,,,,
,,,,,,
,,,,,,
,,,,,,
,,,,,,
,,,,,,
,,,,,,
,,,,,,
,,,,,,
,,,,,,
,,,,,,
,,,,,,
,,,,,,
,,,,,,
,,,,,,
,,,,,,
,,,,,,
,,,,,,
,,,,,,
,,,,,,
,,,,,,
,,,,,,
,,,,,,
,,,,,,
,,,,,,
,,,,,,
,,,,,,
,,,,,,
,,,,,,
,,,,,,
,,,,,,
,,,,,,
,,,,,,
,,,,,,
,,,,,,
,,,,,,
,,,,,,
,,,,,,
,,,,,,
,,,,,,
,,,,,,
,,,,,,
,,,,,,
,,,,,,
,,,,,,
,,,,,,
,,,,,,
,,,,,,
,,,,,,
,,,,,,
,,,,,,
,,,,,,
,,,,,,
,,,,,,
,,,,,,
,,,,,,
,,,,,,
,,,,,,
,,,,,,
,,,,,,
,,,,,,
,,,,,,
,,,,,,
,,,,,,
,,,,,,
,,,,,,
,,,,,,
,,,,,,
,,,,,,
,,,,,,
,,,,,,
,,,,,,
,,,,,,
,,,,,,
,,,,,,
,,,,,,
,,,,,,
,,,,,,
,,,,,,
,,,,,,
,,,,,,
,,,,,,
,,,,,,
,,,,,,
,,,,,,
,,,,,,
,,,,,,
,,,,,,
,,,,,,
,,,,,,
,,,,,,
,,,,,,
,,,,,,
,,,,,,
,,,,,,
,,,,,,
,,,,,,
,,,,,,
,,,,,,
,,,,,,
,,,,,,
,,,,,,
,,,,,,
,,,,,,
,,,,,,
,,,,,,
,,,,,,
,,,,,,
,,,,,,
,,,,,,
,,,,,,
,,,,,,
,,,,,,
,,,,,,
,,,,,,
,,,,,,
,,,,,,
,,,,,,
,,,,,,
,,,,,,
,,,,,,
,,,,,,
,,,,,,
,,,,,,
,,,,,,
,,,,,,
,,,,,,
,,,,,,
,,,,,,
,,,,,,
,,,,,,
,,,,,,
,,,,,,
,,,,,,
,,,,,,
,,,,,,
,,,,,,
,,,,,,
,,,,,,
,,,,,,
,,,,,,
,,,,,,
,,,,,,
,,,,,,
,,,,,,
,,,,,,
,,,,,,
,,,,,,
,,,,,,
,,,,,,
,,,,,,
,,,,,,
,,,,,,
,,,,,,
,,,,,,
,,,,,,
,,,,,,
,,,,,,
,,,,,,
,,,,,,
,,,,,,
,,,,,,
,,,,,,
,,,,,,
,,,,,,
,,,,,,
,,,,,,
,,,,,,
,,,,,,
,,,,,,
,,,,,,
,,,,,,
,,,,,,
,,,,,,
,,,,,,
,,,,,,
,,,,,,
,,,,,,
,,,,,,
,,,,,,
,,,,,,
,,,,,,
,,,,,,
,,,,,,
,,,,,,
,,,,,,
,,,,,,
,,,,,,
,,,,,,
,,,,,,
,,,,,,
,,,,,,
,,,,,,
,,,,,,
,,,,,,
,,,,,,
,,,,,,
,,,,,,
,,,,,,
,,,,,,
,,,,,,
,,,,,,
,,,,,,
,,,,,,
,,,,,,
,,,,,,
,,,,,,
,,,,,,
,,,,,,
,,,,,,
,,,,,,
,,,,,,
,,,,,,
,,,,,,
,,,,,,
,,,,,,
,,,,,,
,,,,,,
,,,,,,
,,,,,,
,,,,,,
,,,,,,
,,,,,,
,,,,,,
,,,,,,
,,,,,,
,,,,,,
,,,,,,
,,,,,,
,,,,,,
,,,,,,
,,,,,,
,,,,,,
,,,,,,
,,,,,,
,,,,,,
,,,,,,
,,,,,,
,,,,,,
,,,,,,
,,,,,,
,,,,,,
,,,,,,
,,,,,,
,,,,,,
,,,,,,
,,,,,,
,,,,,,
,,,,,,
,,,,,,
,,,,,,
,,,,,,
,,,,,,
,,,,,,
,,,,,,
,,,,,,
,,,,,,
,,,,,,
,,,,,,
,,,,,,
,,,,,,
,,,,,,
,,,,,,
,,,,,,
,,,,,,
,,,,,,
,,,,,,
,,,,,,
,,,,,,
,,,,,,
,,,,,,
,,,,,,
,,,,,,
,,,,,,
,,,,,,
,,,,,,
,,,,,,
,,,,,,
,,,,,,
,,,,,,
,,,,,,
,,,,,,
,,,,,,
,,,,,,
,,,,,,
,,,,,,
,,,,,,
,,,,,,
,,,,,,
,,,,,,
,,,,,,
,,,,,,
,,,,,,
,,,,,,
,,,,,,
,,,,,,
,,,,,,
,,,,,,
,,,,,,
,,,,,,
,,,,,,
,,,,,,
,,,,,,
,,,,,,
,,,,,,
,,,,,,
,,,,,,
,,,,,,
,,,,,,
,,,,,,
,,,,,,
,,,,,,
,,,,,,
,,,,,,
,,,,,,
,,,,,,
,,,,,,
,,,,,,
,,,,,,
,,,,,,
,,,,,,
,,,,,,
,,,,,,
,,,,,,
,,,,,,
,,,,,,
,,,,,,
,,,,,,
,,,,,,
,,,,,,
